Region_ID,Latitude,Longitude,Density_Contrast,Area_Pixels,Is_Undiscovered,Dist_to_Known_km
6,35.5995,-115.47889447236182,1.0,15,True,5.430639575614332
1306,35.4005,-115.46582914572865,1.0,2,True,21.829637511227904
1,35.5995,-115.59949748743718,1.0,8416,True,4.99130239744759
1301,35.4015,-115.47085427135679,1.0,3,True,21.455305122306527
3,35.5995,-115.48994974874373,1.0,4,True,4.91040169271322
4,35.5995,-115.48793969849247,1.0,35,True,4.9865998406672745
8,35.5995,-115.46281407035175,1.0,3134,True,6.534011975450579
1282,35.4045,-115.51708542713568,1.0,27,True,19.14228203625062
9,35.5985,-115.4929648241206,1.0,5,True,4.920578877246167
616,35.536500000000004,-115.4497487437186,1.0,4,True,13.116605265214725
619,35.5355,-115.4316582914573,1.0,3,True,14.245517019105337
620,35.5345,-115.56733668341708,1.0,20,True,3.945431886048208
627,35.5345,-115.41155778894473,1.0,2,True,15.69874916443911
628,35.5345,-115.56532663316582,1.0,1,True,3.9405851408941923
600,35.5385,-115.5643216080402,1.0,1,True,3.499201039673994
602,35.5375,-115.54522613065326,1.0,5,True,4.2553934982798
603,35.5385,-115.53115577889447,1.0,1,True,5.177766815581041
632,35.5315,-115.44070351758795,1.0,73,True,14.08598593497547
1256,35.4075,-115.47889447236182,1.0,10,True,20.442440502817
1259,35.4075,-115.54422110552764,1.0,3,True,18.19235427589273
1260,35.4065,-115.54221105527638,1.0,2,True,18.332624784520178
1263,35.4075,-115.5070351758794,1.0,1,True,19.171665067945867
1264,35.4075,-115.41155778894473,1.0,1,True,24.8508477314786
1265,35.4065,-115.54723618090452,1.0,1,True,18.26211871930718
1266,35.405499999999996,-115.52412060301508,1.0,3,True,18.829956253335336
1267,35.405499999999996,-115.48894472361809,1.0,22,True,20.14279983605909
40,35.5925,-115.46381909547739,1.0,9,True,7.036408629959224
43,35.5925,-115.4286432160804,1.0,1,True,9.986624529769799
45,35.5905,-115.5281407035176,1.0,5,True,4.736012103486271
46,35.5915,-115.49798994974874,1.0,1,True,5.5801159752437135
51,35.5915,-115.45477386934674,1.0,1,True,7.792950892666863
1240,35.4095,-115.5,1.0,52,True,19.24445629046464
1243,35.4105,-115.44472361809045,1.0,3,True,22.211563519456668
1245,35.4085,-115.5462311557789,1.0,2,True,18.054433799800407
1248,35.4095,-115.5070351758794,1.0,3,True,18.9629474364479
1249,35.4085,-115.43969849246231,1.0,5,True,22.727468632263317
1251,35.4085,-115.55427135678391,1.0,1,True,17.970239563801428
55,35.5905,-115.543216080402,1.0,2,True,3.3658830423123467
56,35.5905,-115.51909547738693,1.0,25,True,5.637228586595348
58,35.5895,-115.49597989949748,1.0,5,True,5.831093015510879
63,35.5895,-115.51306532663317,1.0,1,True,5.8438089110918146
64,35.5895,-115.50904522613065,1.0,2,True,5.785155510042388
67,35.5885,-115.5281407035176,1.0,4,True,4.633440691793806
69,35.5855,-115.51206030150753,1.0,6,True,6.182677818678384
1254,35.4085,-115.52914572864321,1.0,1,True,18.376534980273824
1218,35.4125,-115.46080402010051,1.0,24,True,20.99633741550329
1219,35.4125,-115.55226130653266,1.0,3,True,17.544709737121494
1227,35.4115,-115.4427135678392,1.0,3,True,22.259166267357042
1235,35.4105,-115.53919597989949,1.0,3,True,17.944725511407558
1236,35.4085,-115.51608040201005,1.0,6,True,18.74897468356938
1237,35.4105,-115.51306532663317,1.0,12,True,18.63872811534181
70,35.5885,-115.5070351758794,1.0,2,True,5.87939802885216
72,35.5885,-115.46281407035175,1.0,1,True,7.452445281605667
74,35.5845,-115.52211055276382,1.0,20,True,5.084362803229741
75,35.5855,-115.50904522613065,1.0,7,True,6.227347251869834
76,35.5875,-115.50201005025126,1.0,2,True,5.986592836248773
78,35.5875,-115.46180904522613,1.0,3,True,7.608629054135289
85,35.5855,-115.50603015075377,1.0,2,True,6.207225064845296
90,35.5855,-115.46582914572865,1.0,11,True,7.5232400210475925
91,35.5855,-115.46381909547739,1.0,1,True,7.651666946996697
96,35.5845,-115.48291457286432,1.0,6,True,6.741150980982561
97,35.5835,-115.47386934673366,1.0,14,True,7.252796135447905
98,35.5835,-115.45879396984925,1.0,6,True,8.164528178102518
100,35.5845,-115.4537688442211,1.0,1,True,8.436546660098942
101,35.5835,-115.5180904522613,1.0,1,True,5.478058570896156
1208,35.4135,-115.54120603015075,1.0,1,True,17.580579984916568
1210,35.4135,-115.53015075376884,1.0,5,True,17.810594133790385
1214,35.4135,-115.47085427135679,1.0,1,True,20.304635379421875
1215,35.4125,-115.46683417085427,1.0,2,True,20.63317711149824
1216,35.4135,-115.46482412060301,1.0,1,True,20.659115138585964
1217,35.4135,-115.46180904522613,1.0,1,True,20.84215601385276
637,35.533500000000004,-115.41256281407036,1.0,1,True,15.710374172897893
638,35.5325,-115.56532663316582,1.0,1,True,4.162580600137169
640,35.5315,-115.55226130653266,1.0,1,True,4.5212648407109794
649,35.5305,-115.43969849246231,1.0,769,True,14.23795895978438
654,35.5275,-115.42361809045227,1.0,8,True,15.484218412236316
657,35.5275,-115.54020100502512,1.0,24,True,5.493466847321304
584,35.5405,-115.43366834170854,1.0,7,True,13.66214582827549
586,35.5415,-115.41859296482413,1.0,108,True,14.600378596831131
588,35.5405,-115.55326633165829,1.0,3,True,3.5474604620555454
589,35.5405,-115.5502512562814,1.0,2,True,3.689155819627877
595,35.539500000000004,-115.42361809045227,1.0,4,True,14.417264486643699
1193,35.4155,-115.53919597989949,1.0,1,True,17.397390714694872
1195,35.4155,-115.49497487437186,1.0,4,True,18.854489524153745
1200,35.4135,-115.54723618090452,1.0,2,True,17.490166955123033
1201,35.4145,-115.54221105527638,1.0,1,True,17.453994943565803
103,35.5835,-115.49899497487438,1.0,1,True,6.4514141402340615
108,35.5815,-115.52613065326634,1.0,3,True,4.559011188003441
110,35.5815,-115.51708542713568,1.0,94,True,5.530022021236114
111,35.5825,-115.4929648241206,1.0,1,True,6.654066318214641
115,35.5815,-115.4537688442211,1.0,2,True,8.68860510600102
117,35.5815,-115.53718592964825,1.0,1,True,3.398373121899861
86,35.5855,-115.50100502512562,1.0,2,True,6.213729205053472
88,35.5855,-115.47788944723618,1.0,1,True,6.855415673725287
89,35.5855,-115.47587939698492,1.0,1,True,6.953288716849351
1169,35.4155,-115.52412060301508,1.0,5,True,17.75565438114017
1171,35.4195,-115.43366834170854,1.0,1,True,22.21266690495767
1172,35.4175,-115.55226130653266,1.0,4,True,16.99174181065211
1179,35.4175,-115.543216080402,1.0,13,True,17.108229734678552
1185,35.4165,-115.53115577889447,1.0,2,True,17.461221011044312
1188,35.4155,-115.43366834170854,1.0,4,True,22.548485337835736
1189,35.4165,-115.4286432160804,1.0,40,True,22.831611483038422
119,35.5805,-115.46482412060301,1.0,2,True,8.047071548132475
123,35.5795,-115.54221105527638,1.0,13,True,2.7980438684923774
124,35.5805,-115.52412060301508,1.0,30,True,4.745134613739326
130,35.5785,-115.45778894472362,1.0,22,True,8.673891423193055
131,35.5795,-115.456783919598,1.0,5,True,8.652172471245297
1190,35.4165,-115.4105527638191,1.0,2,True,24.214668004341853
134,35.5805,-115.43969849246231,1.0,44,True,9.843495636231644
135,35.5795,-115.41457286432161,1.0,3,True,12.08729291045127
140,35.5785,-115.4819095477387,1.0,12,True,7.405189143130342
141,35.5795,-115.47386934673366,1.0,23,True,7.648940403896785
142,35.5795,-115.46582914572865,1.0,2,True,8.081221732776068
145,35.5795,-115.44371859296483,1.0,4,True,9.603100520306326
146,35.5795,-115.4316582914573,1.0,1,True,10.581927538100572
148,35.5785,-115.54522613065326,1.0,1,True,2.4463257806764975
149,35.5775,-115.53517587939699,1.0,7,True,3.473865166317067
1159,35.4205,-115.54723618090452,1.0,2,True,16.718682906200637
1162,35.4205,-115.46984924623116,1.0,33,True,19.703922120386004
1163,35.4205,-115.4537688442211,1.0,1,True,20.720912181669032
1164,35.4205,-115.4286432160804,1.0,3,True,22.50220946734831
1145,35.4225,-115.42462311557789,1.0,5,True,22.644940049992414
1149,35.4215,-115.4678391959799,1.0,7,True,19.73229286823545
1150,35.4225,-115.46281407035175,1.0,1,True,19.953149576606492
1156,35.4215,-115.46180904522613,1.0,2,True,20.108014007001508
1157,35.4205,-115.43266331658292,1.0,6,True,22.203268282977092
151,35.5785,-115.48592964824121,1.0,14,True,7.268476749655412
157,35.5775,-115.53919597989949,1.0,2,True,3.0425169974473714
158,35.5755,-115.51608040201005,1.0,8,True,5.526061860412922
161,35.5765,-115.4497487437186,1.0,6,True,9.400582879984755
162,35.5775,-115.4427135678392,1.0,1,True,9.840151661515586
164,35.5755,-115.53718592964825,1.0,32,True,3.2081455508831986
165,35.5755,-115.50904522613065,1.0,5,True,6.302776725275548
567,35.542500000000004,-115.53618090452261,1.0,1,True,4.4668105393479465
569,35.542500000000004,-115.45879396984925,1.0,2,True,12.077195947363887
571,35.5415,-115.56532663316582,1.0,7,True,3.1636060520611218
572,35.5415,-115.55427135678391,1.0,1,True,3.4026225151197615
573,35.5405,-115.54522613065326,1.0,20,True,3.9770174534696223
575,35.5415,-115.53517587939699,1.0,1,True,4.624112368201255
576,35.5405,-115.53115577889447,1.0,3,True,5.030517587339339
663,35.5245,-115.543216080402,1.0,17,True,5.626616981323968
664,35.5275,-115.54221105527638,1.0,2,True,5.382553807441582
667,35.5275,-115.42964824120604,1.0,2,True,15.107595305420858
669,35.5255,-115.4316582914573,1.0,4,True,15.17432927485148
197,35.5725,-115.51407035175879,1.0,5,True,5.722083780079285
1132,35.4225,-115.51105527638191,1.0,214,True,17.454556727171788
1135,35.4245,-115.456783919598,1.0,19,True,20.16491075881057
1137,35.4245,-115.44773869346734,1.0,3,True,20.78165177925972
1141,35.4235,-115.5502512562814,1.0,2,True,16.350042894791027
167,35.5765,-115.44371859296483,1.0,5,True,9.844069724616324
168,35.5745,-115.4427135678392,1.0,6,True,10.082787603714964
175,35.5745,-115.5180904522613,1.0,5,True,5.292742550527911
178,35.5735,-115.41155778894473,1.0,9,True,12.746200002666491
179,35.5745,-115.40753768844222,1.0,3,True,13.04525144087247
212,35.5705,-115.53618090452261,1.0,9,True,3.2615518383788458
1110,35.4255,-115.53115577889447,1.0,59,True,16.487853626125325
1117,35.4255,-115.4537688442211,1.0,6,True,20.279160032911392
1119,35.4235,-115.51608040201005,1.0,10,True,17.16394569104441
1125,35.4245,-115.45075376884422,1.0,5,True,20.572681640830098
183,35.5745,-115.54221105527638,1.0,1,True,2.6394278717190143
186,35.5745,-115.50100502512562,1.0,30,True,7.182990693095625
188,35.5745,-115.47788944723618,1.0,1,True,7.977294042440857
196,35.5735,-115.52311557788944,1.0,2,True,4.7273217225423
1080,35.4305,-115.42462311557789,1.0,4,True,22.011458240374285
1086,35.4295,-115.51608040201005,1.0,1,True,16.534336082380836
1105,35.4275,-115.42964824120604,1.0,14,True,21.858336953549657
1106,35.4265,-115.42663316582914,1.0,5,True,22.170264067642304
1108,35.4255,-115.53517587939699,1.0,2,True,16.390248417695005
200,35.5725,-115.46884422110553,1.0,3,True,8.593538530676174
201,35.5735,-115.45879396984925,1.0,105,True,9.064042926367172
204,35.5715,-115.52110552763818,1.0,45,True,4.937254686754303
673,35.5255,-115.42361809045227,1.0,2,True,15.665990508035073
674,35.5255,-115.42160804020101,1.0,2,True,15.794394854421855
675,35.5235,-115.41356783919599,1.0,757,True,16.50387614100014
554,35.5445,-115.46683417085427,1.0,3,True,11.318211948645416
555,35.5445,-115.46180904522613,1.0,2,True,11.73775670319643
556,35.5445,-115.4537688442211,1.0,7,True,12.122881454011969
557,35.542500000000004,-115.42361809045227,1.0,8,True,14.157545131054237
558,35.5435,-115.56532663316582,1.0,2,True,2.941614055690533
559,35.5435,-115.53417085427135,1.0,1,True,4.559828754857793
560,35.5435,-115.5281407035176,1.0,3,True,5.089629912318612
561,35.5435,-115.52211055276382,1.0,2,True,5.649130651247672
681,35.5225,-115.54020100502512,1.0,1,True,5.976840971836283
1063,35.4315,-115.52914572864321,1.0,1,True,15.895978670129569
1064,35.4305,-115.52613065326634,1.0,2,True,16.09114262606403
1065,35.4315,-115.52412060301508,1.0,2,True,16.046881768820654
1072,35.4295,-115.54723618090452,1.0,3,True,15.727572861636453
1073,35.4295,-115.53115577889447,1.0,7,True,16.056256637103854
214,35.5715,-115.51306532663317,1.0,5,True,5.829287071128693
216,35.5715,-115.48592964824121,1.0,1,True,8.017644973449386
217,35.5715,-115.47989949748744,1.0,3,True,8.21225185813553
223,35.5705,-115.47286432160804,1.0,2,True,8.601918196799613
225,35.5705,-115.4678391959799,1.0,1,True,8.841983973239087
226,35.5705,-115.42060301507539,1.0,9,True,12.163915169383737
255,35.5685,-115.41256281407036,1.0,1,True,12.994506275825389
1058,35.4325,-115.42964824120604,1.0,1,True,21.460137333552414
235,35.5695,-115.49095477386935,1.0,8,True,8.113495856353078
236,35.5695,-115.48894472361809,1.0,4,True,8.156786599948775
242,35.5665,-115.54522613065326,1.0,14,True,2.290251039777762
1062,35.4315,-115.53517587939699,1.0,1,True,15.739097343677393
688,35.5205,-115.56633165829146,1.0,4,True,5.495167592509811
697,35.5195,-115.5502512562814,1.0,1,True,5.857401357384909
699,35.5195,-115.54522613065326,1.0,44,True,6.042842694063973
700,35.5175,-115.53517587939699,1.0,11,True,6.733085414113921
705,35.5165,-115.5643216080402,1.0,4,True,5.940090732981625
709,35.5165,-115.4316582914573,1.0,2,True,16.00553704633614
535,35.5415,-115.55929648241205,1.0,216,True,3.238997598235053
536,35.545500000000004,-115.55326633165829,1.0,1,True,3.0426642486225712
537,35.545500000000004,-115.53517587939699,1.0,2,True,4.332477719936797
538,35.545500000000004,-115.52914572864321,1.0,1,True,4.8716851172063835
271,35.5655,-115.51206030150753,1.0,12,True,5.959436635251405
275,35.5665,-115.43467336683418,1.0,1,True,11.340644684919658
1033,35.4315,-115.46080402010051,1.0,35,True,19.27570701338007
1035,35.4305,-115.4497487437186,1.0,41,True,20.125159292310517
1036,35.4345,-115.43768844221105,1.0,3,True,20.680400822397164
1037,35.4335,-115.53819095477387,1.0,1,True,15.453063697449236
1038,35.4335,-115.52914572864321,1.0,1,True,15.681377104106833
1045,35.4325,-115.46884422110553,1.0,46,True,18.65995241799333
248,35.5685,-115.47688442211056,1.0,8,True,8.639091464930614
250,35.5685,-115.46884422110553,1.0,1,True,8.99090596092587
251,35.5655,-115.46180904522613,1.0,9,True,9.647261914316944
254,35.5685,-115.42261306532664,1.0,3,True,12.141434356258276
999,35.4405,-115.41155778894473,1.0,1,True,22.334714615887307
1000,35.4395,-115.56633165829146,1.0,1,True,14.485753237914858
1001,35.4395,-115.55125628140703,1.0,8,True,14.572252470719445
1009,35.4355,-115.53417085427135,1.0,10,True,15.330674684228281
1011,35.4355,-115.45075376884422,1.0,5,True,19.628717479625678
1014,35.4365,-115.44070351758795,1.0,1,True,20.289449252728353
1015,35.4365,-115.41155778894473,1.0,1,True,22.623022984851577
1016,35.4355,-115.55527638190955,1.0,1,True,14.97307418373073
1021,35.4355,-115.43869346733669,1.0,1,True,20.523106688863255
1023,35.4345,-115.5462311557789,1.0,3,True,15.192755439069035
1024,35.4345,-115.53015075376884,1.0,1,True,15.545574656428924
262,35.5675,-115.50904522613065,1.0,5,True,6.279274675364609
263,35.5665,-115.50201005025126,1.0,54,True,7.064734599340219
545,35.5445,-115.54824120603014,1.0,1,True,3.4215930040457416
546,35.5445,-115.50402010050252,1.0,3,True,7.394140864550512
520,35.545500000000004,-115.53115577889447,1.0,7,True,4.688223245167514
523,35.5475,-115.41155778894473,1.0,2,True,14.638688137534114
524,35.5465,-115.54723618090452,1.0,14,True,3.307748496798442
525,35.5415,-115.54020100502512,1.0,41,True,4.234513431626153
526,35.545500000000004,-115.52713567839196,1.0,3,True,5.058335268453975
529,35.5465,-115.51708542713568,1.0,33,True,5.979629048306931
530,35.5465,-115.50301507537688,1.0,6,True,7.4163598147407015
710,35.5165,-115.55326633165829,1.0,5,True,6.09326741000654
711,35.5165,-115.53618090452261,1.0,1,True,6.774985047543054
714,35.5155,-115.53417085427135,1.0,1,True,6.981122135704636
989,35.4385,-115.53316582914573,1.0,7,True,15.032872368049052
995,35.4415,-115.44070351758795,1.0,222,True,19.887715831111773
280,35.5655,-115.53316582914573,1.0,3,True,3.630280930457613
285,35.5645,-115.47386934673366,1.0,5,True,9.17359880321595
287,35.5655,-115.46884422110553,1.0,1,True,9.291703026798297
288,35.5655,-115.45175879396986,1.0,1,True,10.23744197320015
291,35.5645,-115.4286432160804,1.0,23,True,11.963496986190846
320,35.5625,-115.44170854271357,1.0,20,True,11.169195810832392
321,35.5615,-115.41457286432161,1.0,4,True,13.32465139292755
295,35.5645,-115.53517587939699,1.0,1,True,3.427447037337085
296,35.5645,-115.52311557788944,1.0,8,True,4.750720857766723
298,35.5635,-115.48894472361809,1.0,3,True,8.534846643937248
300,35.5645,-115.46582914572865,1.0,2,True,9.537021044031132
302,35.5625,-115.45175879396986,1.0,13,True,10.513151349364305
983,35.4425,-115.55226130653266,1.0,4,True,14.22927579885368
984,35.4435,-115.54221105527638,1.0,89,True,14.27868346487194
986,35.4425,-115.5502512562814,1.0,5,True,14.254149454158533
715,35.5135,-115.53517587939699,1.0,23,True,7.120842309288329
717,35.5145,-115.56331658291457,1.0,1,True,6.165530866034495
719,35.5145,-115.4316582914573,1.0,1,True,16.0892260268057
741,35.5095,-115.53919597989949,1.0,21,True,7.3254210581885655
744,35.5085,-115.55527638190955,1.0,2,True,6.921277520190777
753,35.5055,-115.53517587939699,1.0,19,True,7.914109121926165
513,35.548500000000004,-115.45075376884422,1.0,1,True,11.894024664880257
515,35.5465,-115.44070351758795,1.0,106,True,12.671565967169387
516,35.548500000000004,-115.43065326633166,1.0,79,True,13.149289863970946
517,35.548500000000004,-115.41859296482413,1.0,12,True,14.019427895274214
341,35.5615,-115.5070351758794,1.0,1,True,6.564413719250921
950,35.4525,-115.55326633165829,1.0,1,True,13.113692528416527
952,35.451499999999996,-115.53819095477387,1.0,18,True,13.49976991053711
953,35.4525,-115.53517587939699,1.0,4,True,13.471506567335007
956,35.4495,-115.42964824120604,1.0,95,True,20.16178534691112
957,35.4525,-115.4316582914573,1.0,3,True,19.774181149712327
965,35.4495,-115.53316582914573,1.0,8,True,13.850394927006365
971,35.4455,-115.56633165829146,1.0,1,True,13.819765441922684
972,35.4455,-115.55226130653266,1.0,3,True,13.898115475122617
975,35.4445,-115.44773869346734,1.0,8,True,19.107517648151518
977,35.4405,-115.53819095477387,1.0,16,True,14.692020815307556
978,35.4445,-115.53618090452261,1.0,1,True,14.307112580616671
311,35.5625,-115.54221105527638,1.0,20,True,2.7221564043983952
313,35.5625,-115.53316582914573,1.0,6,True,3.690866515338129
317,35.5635,-115.47989949748744,1.0,3,True,9.055797017461014
354,35.5595,-115.54723618090452,1.0,2,True,2.3442094868149717
355,35.5605,-115.54422110552764,1.0,1,True,2.5927433539761338
356,35.5595,-115.52613065326634,1.0,69,True,4.529185468971347
945,35.4535,-115.53618090452261,1.0,1,True,13.336353789339807
948,35.4535,-115.4356783919598,1.0,1,True,19.366711157078523
949,35.4535,-115.41155778894473,1.0,1,True,21.434479675819876
327,35.5615,-115.46884422110553,1.0,54,True,9.696040772305384
331,35.5625,-115.4105527638191,1.0,2,True,13.58914706757107
338,35.5615,-115.53417085427135,1.0,7,True,3.6096825724194126
340,35.5615,-115.51306532663317,1.0,26,True,5.902800840078183
911,35.4565,-115.44874371859297,1.0,12,True,18.07913453314063
912,35.4615,-115.43768844221105,1.0,150,True,18.61473153647407
914,35.4595,-115.53919597989949,1.0,3,True,12.609771753674254
916,35.457499999999996,-115.41155778894473,1.0,6,True,21.16957446367643
918,35.4595,-115.53618090452261,1.0,15,True,12.691616539843825
922,35.4585,-115.53517587939699,1.0,3,True,12.827799312187171
927,35.4565,-115.55125628140703,1.0,3,True,12.698150813027906
928,35.4555,-115.54723618090452,1.0,2,True,12.87122053723236
932,35.4565,-115.41256281407036,1.0,1,True,21.145540467587345
343,35.5605,-115.49497487437186,1.0,4,True,7.905592654344685
344,35.5615,-115.49195979899497,1.0,3,True,8.22392369635817
347,35.5605,-115.45577889447236,1.0,8,True,10.462826788377528
349,35.5615,-115.43266331658292,1.0,1,True,11.90115573451015
764,35.5035,-115.56633165829146,1.0,3,True,7.381996943223707
768,35.5025,-115.56532663316582,1.0,2,True,7.492544778153898
769,35.5025,-115.5572864321608,1.0,5,True,7.548572872758282
770,35.4985,-115.54723618090452,1.0,52,True,8.192982370179605
773,35.5025,-115.42060301507539,1.0,3,True,17.749166383574646
487,35.5505,-115.46381909547739,1.0,1,True,11.038327788563281
493,35.5495,-115.41356783919599,1.0,13,True,14.323956988118345
498,35.5495,-115.43668341708543,1.0,1,True,12.655076349208914
499,35.5495,-115.43366834170854,1.0,1,True,12.856012103800488
774,35.4985,-115.53819095477387,1.0,7,True,8.498073760413623
775,35.5015,-115.53115577889447,1.0,1,True,8.50864085483291
778,35.5015,-115.42261306532664,1.0,1,True,17.59483969886223
359,35.5605,-115.48994974874373,1.0,1,True,8.458724462409183
362,35.5595,-115.47688442211056,1.0,17,True,9.581090791733363
363,35.5595,-115.43065326633166,1.0,4,True,12.215388481204293
365,35.5605,-115.42361809045227,1.0,1,True,12.671418046053548
366,35.5605,-115.42060301507539,1.0,3,True,12.909750038167804
367,35.5605,-115.41658291457287,1.0,1,True,13.234016434017082
371,35.5585,-115.53819095477387,1.0,11,True,3.2952507700369953
903,35.463499999999996,-115.54924623115578,1.0,13,True,11.959388008303273
904,35.4625,-115.42261306532664,1.0,17,True,19.853204477581507
891,35.4675,-115.43266331658292,1.0,1,True,18.629417555195932
893,35.4645,-115.53115577889447,1.0,8,True,12.317449703430064
894,35.4655,-115.43467336683418,1.0,8,True,18.59094618075847
899,35.4655,-115.42160804020101,1.0,9,True,19.745030172931873
376,35.5585,-115.49497487437186,1.0,3,True,7.938254040809443
377,35.5585,-115.49095477386935,1.0,2,True,8.378985386487182
382,35.5585,-115.41356783919599,1.0,4,True,13.630647980835827
385,35.5585,-115.54020100502512,1.0,1,True,3.090764307193448
386,35.5565,-115.49698492462312,1.0,6,True,7.757932034662979
388,35.5585,-115.46884422110553,1.0,15,True,10.001502077098646
413,35.5565,-115.45778894472362,1.0,14,True,10.737501328583875
417,35.5555,-115.41658291457287,1.0,11,True,13.616668934648631
390,35.5585,-115.43869346733669,1.0,10,True,11.72505164940515
392,35.5575,-115.42964824120604,1.0,29,True,12.455280587461221
396,35.5575,-115.5321608040201,1.0,6,True,3.958447836592041
398,35.5575,-115.51005025125627,1.0,1,True,6.315872889403448
399,35.5575,-115.4929648241206,1.0,1,True,8.176647240807263
400,35.5565,-115.4819095477387,1.0,16,True,9.405341302831628
887,35.4695,-115.4316582914573,1.0,1,True,18.583772871557823
888,35.4685,-115.43065326633166,1.0,12,True,18.73963948740831
779,35.5005,-115.53517587939699,1.0,2,True,8.41951264585709
783,35.4995,-115.5321608040201,1.0,3,True,8.65924957920858
788,35.4985,-115.41457286432161,1.0,1,True,18.543766820536735
789,35.4985,-115.41256281407036,1.0,8,True,18.745658475134164
472,35.5505,-115.41658291457287,1.0,5,True,14.01086024396185
475,35.5475,-115.53919597989949,1.0,9,True,3.847253524237334
479,35.5515,-115.46482412060301,1.0,1,True,10.89175888095083
480,35.5495,-115.44773869346734,1.0,7,True,11.969621814179625
483,35.5505,-115.42763819095478,1.0,6,True,13.188981462772054
485,35.5495,-115.54723618090452,1.0,12,True,3.052020333823549
855,35.4765,-115.54020100502512,1.0,1,True,10.75344754032951
861,35.4755,-115.44371859296483,1.0,1,True,17.115457992939497
868,35.4725,-115.55125628140703,1.0,23,True,10.93834256505092
873,35.4725,-115.53618090452261,1.0,1,True,11.30314763216164
878,35.4695,-115.42261306532664,1.0,8,True,19.396142710051073
884,35.4705,-115.41155778894473,1.0,3,True,20.351761765830673
885,35.466499999999996,-115.53517587939699,1.0,33,True,11.973316800025005
406,35.5565,-115.54924623115578,1.0,7,True,2.3504470921800618
407,35.5565,-115.54221105527638,1.0,10,True,2.9937570860053624
412,35.5565,-115.49095477386935,1.0,1,True,8.415666706029088
832,35.4845,-115.41155778894473,1.0,2,True,19.55205403463115
833,35.4835,-115.55125628140703,1.0,7,True,9.731887487553369
835,35.4845,-115.41356783919599,1.0,2,True,19.357288359687924
845,35.4785,-115.54020100502512,1.0,3,True,10.539348367077983
852,35.4765,-115.42964824120604,1.0,4,True,18.31138581251888
853,35.4775,-115.42562814070352,1.0,10,True,18.61929472907252
432,35.5535,-115.54924623115578,1.0,6,True,2.5755565482314284
434,35.5545,-115.53316582914573,1.0,13,True,3.986171049270879
435,35.5545,-115.52010050251256,1.0,1,True,5.331254903812223
796,35.4965,-115.41457286432161,1.0,3,True,18.639859921534914
797,35.4945,-115.53618090452261,1.0,5,True,8.992631449938829
799,35.4935,-115.44773869346734,1.0,22,True,15.593074510000262
454,35.5515,-115.44170854271357,1.0,8,True,12.150138157268927
455,35.5505,-115.43869346733669,1.0,8,True,12.434065434170122
456,35.5525,-115.55326633165829,1.0,13,True,2.3739064281996285
463,35.5525,-115.4748743718593,1.0,4,True,10.251817914733358
464,35.5525,-115.46984924623116,1.0,3,True,10.576701991355158
465,35.5525,-115.46381909547739,1.0,2,True,10.835799075645639
466,35.5525,-115.45979899497488,1.0,1,True,11.027735863779295
467,35.5525,-115.45778894472362,1.0,11,True,11.129173747468217
807,35.4925,-115.53115577889447,1.0,5,True,9.412054143306465
811,35.4915,-115.42964824120604,1.0,1,True,17.42178723251197
819,35.4855,-115.55427135678391,1.0,5,True,9.46282875150956
821,35.4885,-115.53618090452261,1.0,4,True,9.616329985728916
443,35.5515,-115.54522613065326,1.0,5,True,3.05142259040014
448,35.5515,-115.49396984924623,1.0,10,True,8.207547229121118
452,35.5535,-115.45577889447236,1.0,2,True,11.136764030165427
829,35.4855,-115.42562814070352,1.0,17,True,18.144740290455026
831,35.4855,-115.53618090452261,1.0,33,True,9.930239694711764
12,35.597500000000004,-115.4748743718593,1.0,6,True,5.857357493002736
13,35.5965,-115.47989949748744,1.0,109,True,5.664447994416713
15,35.5955,-115.49899497487438,1.0,2,True,5.126076847727836
18,35.594500000000004,-115.51608040201005,1.0,6,True,5.370071449300936
19,35.5935,-115.50804020100503,1.0,25,True,5.333120369750975
21,35.5935,-115.4819095477387,1.0,2,True,5.861997999448115
1287,35.4045,-115.42763819095478,1.0,2,True,23.91339736905658
1288,35.4045,-115.42462311557789,1.0,3,True,24.129024511317354
1290,35.4035,-115.52412060301508,1.0,12,True,19.045307939293178
1292,35.4035,-115.51105527638191,1.0,4,True,19.446558475525986
1295,35.402499999999996,-115.4718592964824,1.0,1,True,21.303925486559315
1297,35.402499999999996,-115.45979899497488,1.0,1,True,21.988548126380763
1298,35.4015,-115.50402010050252,1.0,1,True,19.9118683484203
1300,35.4015,-115.47286432160804,1.0,1,True,21.34687252650765
52,35.5915,-115.44572864321609,1.0,3,True,8.529253494163395
23,35.594500000000004,-115.47386934673366,1.0,1,True,6.196943892142701
24,35.594500000000004,-115.47085427135679,1.0,5,True,6.384777386113235
26,35.5935,-115.50502512562814,1.0,1,True,5.316637370572701
28,35.5935,-115.47286432160804,1.0,3,True,6.350808131603227
32,35.5905,-115.53718592964825,1.0,4,True,3.8855357256948686
34,35.5925,-115.51909547738693,1.0,6,True,5.6740459406652075
36,35.5925,-115.49899497487438,1.0,1,True,5.457107016433843
1277,35.405499999999996,-115.42562814070352,1.0,1,True,23.972190559230935
1278,35.405499999999996,-115.42160804020101,1.0,6,True,24.26370038823431
1046,35.4335,-115.44673366834171,0.99927014,1,True,20.088223917559745
1284,35.4015,-115.4819095477387,0.99759936,11,True,20.88147157225173
1020,35.4355,-115.44874371859297,0.99735117,1,True,19.774298305310396
738,35.5075,-115.41256281407036,0.9961952,6,True,18.00747379652312
870,35.4735,-115.42964824120604,0.9936325,6,True,18.50215718166176
671,35.5255,-115.53115577889447,0.99206895,1,True,6.243590088765482
1115,35.4265,-115.49497487437186,0.9919607,1,True,17.751155940288474
787,35.4945,-115.42462311557789,0.99186534,7,True,17.74731906141724
991,35.4415,-115.52713567839196,0.98791194,3,True,14.887528595710425
1103,35.4275,-115.45879396984925,0.9877677,1,True,19.764619976795174
22,35.594500000000004,-115.47688442211056,0.987652,2,True,6.021864948621185
690,35.5205,-115.52713567839196,0.9872441,1,True,6.955616844542973
247,35.5675,-115.48391959798995,0.98641235,4,True,8.504230704290915
222,35.5705,-115.47788944723618,0.98603153,1,True,8.392113545440065
1244,35.4105,-115.43366834170854,0.9856029,2,True,22.9734229280402
844,35.4795,-115.55125628140703,0.98501676,4,True,10.170196756719752
326,35.5585,-115.47386934673366,0.9841547,25,True,9.796265170071981
790,35.4975,-115.53919597989949,0.984044,12,True,8.56306660488826
763,35.4985,-115.44874371859297,0.9828792,17,True,15.202662117780335
380,35.5585,-115.42562814070352,0.98034364,6,True,12.675196762200324
1296,35.402499999999996,-115.46884422110553,0.97861916,1,True,21.469303068376068
730,35.5115,-115.54824120603014,0.97848636,1,True,6.772083186534062
880,35.4705,-115.53618090452261,0.97840154,2,True,11.515885567095134
723,35.5115,-115.44874371859297,0.9747116,7,True,14.50167043713916
597,35.539500000000004,-115.5321608040201,0.9739032,1,True,5.020534162319448
221,35.5695,-115.51005025125627,0.9693546,8,True,6.161832061578814
1152,35.4215,-115.55125628140703,0.9688434,1,True,16.55978876889408
793,35.4975,-115.43668341708543,0.96516204,4,True,16.41352748400092
507,35.548500000000004,-115.50603015075377,0.9640419,1,True,7.025566056390598
207,35.5725,-115.48391959798995,0.9639663,1,True,7.970318561501305
676,35.5225,-115.5683417085427,0.9635955,3,True,5.281533389620226
565,35.542500000000004,-115.41457286432161,0.9612764,3,True,14.812108356444114
303,35.5615,-115.44773869346734,0.96046305,4,True,10.856971484464903
607,35.5375,-115.54924623115578,0.96009535,1,True,4.036478110077723
143,35.5785,-115.45276381909548,0.9600244,4,True,9.016143708984512
680,35.5235,-115.42462311557789,0.9583045,1,True,15.78611971539927
163,35.5775,-115.41457286432161,0.95544946,1,True,12.214831994876118
1191,35.4155,-115.5643216080402,0.9547178,1,True,17.150050901267026
495,35.5495,-115.47688442211056,0.9544924,1,True,10.102590537724971
682,35.5225,-115.53316582914573,0.95223916,3,True,6.3819037625181645
988,35.4405,-115.53517587939699,0.95116293,6,True,14.764854662127616
429,35.5555,-115.42160804020101,0.951041,1,True,13.224181162453311
1165,35.4205,-115.42261306532664,0.94590515,1,True,22.959586277384663
1281,35.4045,-115.52713567839196,0.94488096,1,True,18.859118369852126
1069,35.4315,-115.50100502512562,0.9443363,2,True,16.96143735940737
459,35.5525,-115.50502512562814,0.94416374,19,True,6.994515968135187
924,35.4585,-115.42562814070352,0.9432442,1,True,19.860370898048803
848,35.4775,-115.53919597989949,0.94190276,1,True,10.676394975822069
941,35.454499999999996,-115.4497487437186,0.9411363,2,True,18.155371561631313
361,35.5595,-115.48291457286432,0.94099665,6,True,9.247383703208776
1090,35.4295,-115.41356783919599,0.940906,3,True,22.97508743487417
99,35.5845,-115.456783919598,0.94018275,3,True,8.218433340496325
445,35.5535,-115.53819095477387,0.93907005,1,True,3.5473395153875833
195,35.5725,-115.5251256281407,0.93618333,5,True,4.496785809570733
518,35.545500000000004,-115.56532663316582,0.93480295,3,True,2.71962336595248
160,35.5765,-115.46683417085427,0.9329675,2,True,8.309946806591892
373,35.5585,-115.52110552763818,0.932338,2,True,5.0968827573210636
905,35.4625,-115.55226130653266,0.93212205,3,True,12.023459974560344
458,35.5515,-115.51608040201005,0.9310842,11,True,5.863574991855397
243,35.5685,-115.53115577889447,0.9306892,6,True,3.8224964612843415
1294,35.402499999999996,-115.50603015075377,0.93028444,5,True,19.731808138453157
889,35.466499999999996,-115.55326633165829,0.9295362,4,True,11.56925916944807
716,35.5155,-115.44170854271357,0.9294574,2,True,15.019671428103297
41,35.5925,-115.46180904522613,0.92818046,3,True,7.1804926142590135
791,35.4975,-115.53517587939699,0.9273931,1,True,8.725648353775638
53,35.5905,-115.42562814070352,0.92665035,6,True,10.388209893937395
1114,35.4265,-115.49698492462312,0.925796,1,True,17.653813170373724
689,35.5205,-115.55326633165829,0.9250586,1,True,5.661418173024366
659,35.5245,-115.53316582914573,0.9247294,8,True,6.199757223798428
1220,35.4115,-115.53819095477387,0.9244087,3,True,17.853864221435206
447,35.5525,-115.49899497487438,0.92345685,4,True,7.639794291384098
1050,35.4325,-115.5251256281407,0.921879,1,True,15.908739190054202
992,35.4425,-115.41256281407036,0.9218543,5,True,22.106671745569514
937,35.454499999999996,-115.55326633165829,0.92179114,2,True,12.892918433382752
1008,35.4375,-115.55226130653266,0.92139405,1,True,14.781393363274352
683,35.5225,-115.43366834170854,0.92041665,1,True,15.34263984694509
898,35.4655,-115.54924623115578,0.9197126,1,True,11.739995721172203
482,35.5515,-115.42964824120604,0.91911,1,True,12.96074360491671
351,35.5615,-115.41959798994975,0.9190994,1,True,12.913664331982666
408,35.5565,-115.51507537688443,0.9181719,1,True,5.800689622397986
1128,35.4245,-115.55427135678391,0.91774267,1,True,16.19903571143645
1246,35.4095,-115.54422110552764,0.9167064,2,True,17.97226719419625
1280,35.4045,-115.5462311557789,0.9142891,1,True,18.495362873741264
307,35.5635,-115.41758793969849,0.91331327,4,True,12.927238072498742
397,35.5575,-115.51407035175879,0.9122688,1,True,5.881359773576809
374,35.5595,-115.50804020100503,0.91219157,6,True,6.490204528579864
634,35.5345,-115.42361809045227,0.91181946,2,True,14.856628391995406
299,35.5645,-115.47085427135679,0.9111358,5,True,9.301515127667287
892,35.4675,-115.42261306532664,0.9099323,1,True,19.524668448623036
644,35.5305,-115.4286432160804,0.90831006,6,True,14.892579731483512
1040,35.4315,-115.52211055276382,0.9081994,6,True,16.112254873693768
1272,35.4045,-115.53618090452261,0.9069378,4,True,18.657703781399217
276,35.5665,-115.42663316582914,0.9067849,1,True,11.965610924339135
577,35.5415,-115.5180904522613,0.90631646,2,True,6.145840520723706
49,35.5915,-115.48793969849247,0.9062054,2,True,5.823465378186588
755,35.5065,-115.55427135678391,0.9046183,2,True,7.159012500365922
883,35.4705,-115.43065326633166,0.9027302,1,True,18.607016045514303
527,35.5465,-115.5251256281407,0.90128636,3,True,5.191179886803769
1061,35.4315,-115.5462311557789,0.901031,1,True,15.522489485625757
35,35.5915,-115.51407035175879,0.9008265,3,True,5.6457758642385185
1221,35.4125,-115.53316582914573,0.899676,2,True,17.848452191549825
129,35.5805,-115.4748743718593,0.89955974,1,True,7.500369408291753
665,35.5275,-115.53618090452261,0.8994156,2,True,5.734932117682748
281,35.5655,-115.51708542713568,0.8992132,1,True,5.403812686923644
457,35.5515,-115.52010050251256,0.89859176,10,True,5.447845523637959
93,35.5845,-115.52713567839196,0.8971881,5,True,4.55868025727699
621,35.5355,-115.52914572864321,0.89392984,1,True,5.568007352834008
820,35.4875,-115.54924623115578,0.8936498,4,True,9.334822201474642
268,35.5665,-115.53819095477387,0.89329594,2,True,3.0627043013373285
974,35.4455,-115.52010050251256,0.8931432,1,True,14.71192505586585
460,35.5515,-115.50100502512562,0.8919999,6,True,7.454040333745166
562,35.5435,-115.50201005025126,0.89189374,1,True,7.642772072953222
713,35.5165,-115.42562814070352,0.89039904,3,True,16.37629454182165
611,35.533500000000004,-115.5321608040201,0.89038277,10,True,5.4917033127269645
1207,35.4105,-115.54522613065326,0.88992476,8,True,17.84779083879033
987,35.4425,-115.54020100502512,0.8890021,1,True,14.429713372157272
422,35.5545,-115.51306532663317,0.88692486,3,True,6.075605793468604
759,35.5055,-115.56633165829146,0.8861821,1,True,7.160012351230385
875,35.4715,-115.53517587939699,0.88550276,1,True,11.441857593666963
834,35.4845,-115.54522613065326,0.884316,1,True,9.755199015151344
543,35.545500000000004,-115.4356783919598,0.88079095,1,True,13.080111362166615
1271,35.405499999999996,-115.54120603015075,0.8800171,1,True,18.458524334465633
935,35.4555,-115.44472361809045,0.87994653,1,True,18.47797672849633
908,35.4625,-115.42663316582914,0.8789824,1,True,19.498411546302563
1118,35.4255,-115.54723618090452,0.8772336,1,True,16.167946317268495
1222,35.4125,-115.50502512562814,0.87666816,1,True,18.72932870202492
206,35.5725,-115.48994974874373,0.87560666,1,True,7.808001987948266
319,35.5625,-115.45577889447236,0.87467223,3,True,10.272947271527556
585,35.5415,-115.4286432160804,0.873885,1,True,13.900421104362442
617,35.536500000000004,-115.4427135678392,0.87376285,1,True,13.494060111827736
1057,35.4315,-115.456783919598,0.8733062,2,True,19.548132338174963
159,35.5755,-115.48994974874373,0.8718528,6,True,7.482180290784474
994,35.4385,-115.44673366834171,0.8713978,6,True,19.67299164240239
618,35.536500000000004,-115.43467336683418,0.8710953,1,True,13.966470680511364
1087,35.4285,-115.50201005025126,0.86982137,2,True,17.217830437053234
982,35.4445,-115.42361809045227,0.86965895,4,True,21.030840397091506
1279,35.4045,-115.55929648241205,0.86936176,1,True,18.38365152632572
473,35.5525,-115.41356783919599,0.86916083,1,True,14.08877470390751
701,35.5195,-115.43668341708543,0.868342,1,True,15.364350245554043
633,35.533500000000004,-115.43467336683418,0.868249,6,True,14.245255013848778
660,35.5275,-115.53015075376884,0.8674734,3,True,6.140281540662493
453,35.5535,-115.44773869346734,0.86709213,1,True,11.593600340467564
804,35.4945,-115.42261306532664,0.8670732,1,True,17.94430138034508
132,35.5805,-115.45175879396986,0.866434,1,True,8.91774761106407
1192,35.4155,-115.54824120603014,0.8662698,2,True,17.256909302807653
194,35.5735,-115.53316582914573,0.86548424,2,True,3.6166796421641196
996,35.4405,-115.55226130653266,0.86515194,2,True,14.45009632354922
686,35.5215,-115.54522613065326,0.86511976,2,True,5.837498593164664
765,35.5035,-115.55125628140703,0.8650695,1,True,7.550322779218929
1077,35.4305,-115.50301507537688,0.86455196,1,True,16.969615814793666
661,35.5285,-115.47286432160804,0.86343193,1,True,11.273326778859884
851,35.4775,-115.49698492462312,0.8633903,1,True,12.78129740888821
384,35.5585,-115.54824120603014,0.8616171,1,True,2.307600633847548
668,35.5265,-115.42663316582914,0.8613448,2,True,15.385285827460761
830,35.4855,-115.5462311557789,0.860899,1,True,9.62175648368619
470,35.5525,-115.43366834170854,0.8602457,1,True,12.59344575853108
1173,35.4175,-115.5462311557789,0.85916305,2,True,17.062925711359505
859,35.4755,-115.54924623115578,0.8590933,3,True,10.644656383986563
370,35.5595,-115.54522613065326,0.8583848,1,True,2.54021806646654
1034,35.4345,-115.45477386934674,0.8561099,1,True,19.42779596651814
44,35.5915,-115.53417085427135,0.85573727,6,True,4.223150278362178
328,35.5625,-115.43366834170854,0.8553071,1,True,11.744049653891476
1096,35.4275,-115.53417085427135,0.855266,4,True,16.19669479472966
812,35.4915,-115.41155778894473,0.8542776,1,True,19.18693068140723
685,35.5195,-115.55527638190955,0.85343593,4,True,5.72054285111947
1055,35.4325,-115.49899497487438,0.8518018,1,True,16.956917668452466
33,35.5925,-115.53015075376884,0.8509494,1,True,4.65679690330213
959,35.451499999999996,-115.5321608040201,0.8508239,2,True,13.66596924023439
923,35.4585,-115.5321608040201,0.8508162,6,True,12.91982605436381
1079,35.4305,-115.4748743718593,0.8505935,6,True,18.468790013339863
1212,35.4125,-115.49095477386935,0.85057616,2,True,19.344656887806565
610,35.536500000000004,-115.53718592964825,0.85026926,1,True,4.873061653175455
60,35.5905,-115.4718592964824,0.8501923,1,True,6.691167707288828
622,35.5355,-115.51708542713568,0.85018146,2,True,6.6042987179077555
500,35.5495,-115.42060301507539,0.8491506,3,True,13.786902923715857
993,35.4405,-115.44874371859297,0.8490538,6,True,19.358697101494027
121,35.5815,-115.44673366834171,0.848722,1,True,9.210822734741658
929,35.4565,-115.42964824120604,0.848322,1,True,19.654917714783895
591,35.5405,-115.46482412060301,0.8474992,1,True,11.6512821744796
330,35.5625,-115.41658291457287,0.84672713,1,True,13.08441409524436
2,35.5995,-115.49597989949748,0.8462422,1,True,4.73782776761057
626,35.5355,-115.42462311557789,0.84571064,1,True,14.700858992212511
30,35.5925,-115.543216080402,0.84451115,1,True,3.51976911949166
427,35.5555,-115.43366834170854,0.843384,2,True,12.33428080323552
62,35.5895,-115.54522613065326,0.84277517,2,True,3.127199677859292
843,35.4805,-115.41457286432161,0.8391998,3,True,19.48274995719138
731,35.5095,-115.53015075376884,0.83863515,3,True,7.781143322070363
29,35.5925,-115.56633165829146,0.83842397,1,True,2.4989683610978872
112,35.5825,-115.48693467336683,0.83834165,2,True,6.810995260997813
1131,35.4245,-115.52211055276382,0.83813304,1,True,16.85523376031496
646,35.5305,-115.42361809045227,0.8344065,2,True,15.213562261937142
1091,35.4275,-115.54924623115578,0.83429587,2,True,15.92081673574354
1142,35.4215,-115.53919597989949,0.83316374,5,True,16.74125520024561
1101,35.4275,-115.47889447236182,0.83202076,2,True,18.513110859906863
379,35.5565,-115.44673366834171,0.83074474,5,True,11.376955434158674
837,35.4835,-115.43366834170854,0.82986486,2,True,17.50764527372542
934,35.4555,-115.53517587939699,0.82911736,2,True,13.149375391772415
314,35.5625,-115.52713567839196,0.82907003,8,True,4.345587611369457
742,35.5095,-115.53517587939699,0.82855916,1,True,7.514826890471091
896,35.466499999999996,-115.42763819095478,0.8273357,1,True,19.140557351613502
1166,35.4195,-115.54924623115578,0.8271867,1,True,16.80335768628226
1198,35.4145,-115.43969849246231,0.82614005,5,True,22.205929127836818
54,35.5905,-115.54824120603014,0.8256526,1,True,2.978836800721609
1130,35.4245,-115.53718592964825,0.82529694,1,True,16.45472995450385
639,35.5325,-115.41155778894473,0.8244616,2,True,15.867198117121504
1070,35.4305,-115.47788944723618,0.82422537,3,True,18.288534564086973
105,35.5835,-115.46080402010051,0.82420844,1,True,8.028807564767991
814,35.4905,-115.42462311557789,0.82415795,3,True,17.961245888516565
348,35.5615,-115.44371859296483,0.82377017,3,True,11.120396775435136
205,35.5725,-115.49597989949748,0.8232608,1,True,7.70064037697807
606,35.5375,-115.55226130653266,0.82234305,1,True,3.8978314175768602
1178,35.4185,-115.41155778894473,0.8222786,1,True,23.979322320973218
305,35.5635,-115.4427135678392,0.8219935,3,True,11.012937121478254
411,35.5565,-115.5,0.82154775,2,True,7.429842522934666
245,35.5685,-115.49698492462312,0.82133955,1,True,7.613654145970244
1049,35.4325,-115.53115577889447,0.82039696,1,True,15.733011892086683
752,35.5075,-115.54824120603014,0.82030594,3,True,7.198921772413849
976,35.4455,-115.43366834170854,0.8199951,1,True,20.132248285539067
1276,35.4045,-115.50502512562814,0.818825,3,True,19.560808204890336
810,35.4915,-115.53517587939699,0.8186713,2,True,9.343434336139342
372,35.5595,-115.52412060301508,0.8186512,6,True,4.745134613739326
936,35.4555,-115.4286432160804,0.8160663,1,True,19.811698334883022
860,35.4755,-115.53115577889447,0.8140772,1,True,11.16303575182574
590,35.5405,-115.46683417085427,0.8137468,1,True,11.437331057307835
826,35.4865,-115.52613065326634,0.8131031,1,True,10.249888926829536
312,35.5635,-115.53618090452261,0.8120977,1,True,3.3399404776781303
944,35.4535,-115.54020100502512,0.8110724,1,True,13.234313884845992
1196,35.4155,-115.47788944723618,0.81080675,3,True,19.718166915355127
849,35.4775,-115.5321608040201,0.8106784,4,True,10.916304744510475
970,35.4465,-115.42361809045227,0.81007147,1,True,20.884453304023268
10,35.5985,-115.46984924623116,0.8097193,1,True,6.097393011274384
451,35.5535,-115.47286432160804,0.8094361,1,True,10.3561855489576
609,35.536500000000004,-115.5643216080402,0.8093063,1,True,3.7210398971324903
938,35.454499999999996,-115.53316582914573,0.809188,1,True,13.315204077822337
749,35.5075,-115.44773869346734,0.80812997,4,True,14.804300276420173
706,35.5175,-115.55628140703517,0.80704504,1,True,5.917812038510923
694,35.5205,-115.41658291457287,0.80567944,1,True,16.570589795654087
541,35.5445,-115.45577889447236,0.8055875,7,True,12.02154659283021
864,35.4735,-115.5321608040201,0.80555874,5,True,11.334918847306175
1167,35.4195,-115.53718592964825,0.80506116,1,True,16.999800524584266
966,35.4485,-115.4316582914573,0.8033563,2,True,20.069806081316074
176,35.5755,-115.46281407035175,0.80324537,1,True,8.635061645138057
92,35.5855,-115.45477386934674,0.80206084,1,True,8.279491282410849
1225,35.4115,-115.47989949748744,0.80180395,4,True,19.99848272247666
329,35.5625,-115.42060301507539,0.80053335,1,True,12.756345373498192
1146,35.4225,-115.53718592964825,0.80038655,1,True,16.67267956495461
113,35.5815,-115.48592964824121,0.79805076,3,True,6.9492760141097385
304,35.5645,-115.44472361809045,0.7974512,2,True,10.788117594146797
708,35.5175,-115.52613065326634,0.7973189,2,True,7.28799609030793
865,35.4745,-115.52613065326634,0.79708683,2,True,11.46846681175579
727,35.5115,-115.55125628140703,0.7968957,2,True,6.684786763270694
695,35.5195,-115.5643216080402,0.7967052,1,True,5.607185204365384
441,35.5535,-115.42160804020101,0.7963816,5,True,13.385113155195597
126,35.5795,-115.49195979899497,0.795783,2,True,7.002209674013778
61,35.5905,-115.44472361809045,0.79558617,1,True,8.686176911918452
144,35.5795,-115.44673366834171,0.79543734,2,True,9.372308051426117
692,35.5195,-115.4497487437186,0.79535675,3,True,14.02404815097545
1022,35.4335,-115.42663316582914,0.79489475,4,True,21.618775377642788
1081,35.4305,-115.42261306532664,0.7946896,1,True,22.170586641508876
921,35.4585,-115.56532663316582,0.7940853,2,True,12.376527107902103
533,35.5465,-115.45477386934674,0.7940342,1,True,11.87445285962763
1175,35.4185,-115.5321608040201,0.7940316,1,True,17.22030270567316
587,35.5415,-115.41155778894473,0.79387206,1,True,15.120071781178249
1273,35.405499999999996,-115.52010050251256,0.7929122,1,True,18.943904002328466
553,35.5445,-115.47085427135679,0.79186636,3,True,10.886732103403045
1089,35.4295,-115.42964824120604,0.79161495,2,True,21.69823053557434
650,35.5305,-115.4356783919598,0.79140985,1,True,14.467389500068098
94,35.5845,-115.51306532663317,0.79115504,1,True,6.045110069934831
785,35.4995,-115.42361809045227,0.79058605,4,True,17.591926210848353
651,35.5305,-115.43266331658292,0.7896794,1,True,14.646027433985632
551,35.5445,-115.47989949748744,0.7894509,6,True,9.920675339974789
726,35.5135,-115.41155778894473,0.7893806,1,True,17.527062997204638
786,35.4985,-115.4356783919598,0.7891824,1,True,16.45703014038999
703,35.5175,-115.53718592964825,0.7883903,2,True,6.6241409915289795
542,35.5405,-115.4497487437186,0.7880699,12,True,12.724137383864745
802,35.4945,-115.53015075376884,0.7877458,2,True,9.256404885191676
655,35.5275,-115.54723618090452,0.7870601,2,True,5.137288595949222
707,35.5175,-115.54924623115578,0.7863447,5,True,6.102364749270574
841,35.4805,-115.54221105527638,0.786294,2,True,10.267003919839976
1111,35.4255,-115.51005025125627,0.78561,2,True,17.182277333203047
574,35.5415,-115.54221105527638,0.7853089,1,True,4.089597961903824
1028,35.4345,-115.50301507537688,0.78473145,1,True,16.565468930932894
612,35.536500000000004,-115.53115577889447,0.7840963,1,True,5.330196919113631
491,35.5495,-115.42462311557789,0.7839069,6,True,13.490715021410397
1184,35.4165,-115.53819095477387,0.78389907,1,True,17.30721547902591
550,35.5445,-115.49195979899497,0.78351516,1,True,8.646066097568447
109,35.5825,-115.51909547738693,0.78301126,1,True,5.340936447621284
1005,35.4385,-115.55326633165829,0.78225756,2,True,14.660147943655163
1013,35.4355,-115.4286432160804,0.7807447,4,True,21.304036493406993
306,35.5635,-115.4356783919598,0.77994937,4,True,11.512981039100767
501,35.5495,-115.41557788944723,0.7793938,1,True,14.16819851248483
104,35.5825,-115.47889447236182,0.77861696,5,True,7.11343255118256
624,35.5355,-115.45276381909548,0.7780481,1,True,13.06564187941267
1154,35.4215,-115.4748743718593,0.777052,2,True,19.314042470618187
1158,35.4215,-115.42562814070352,0.7769755,3,True,22.648672195253738
133,35.5805,-115.44874371859297,0.776768,1,True,9.139597892616061
1116,35.4265,-115.45979899497488,0.7759021,1,True,19.78717525838788
350,35.5615,-115.42562814070352,0.77404976,2,True,12.435585061447389
277,35.5665,-115.40954773869348,0.7737626,1,True,13.394662299613612
760,35.5055,-115.42462311557789,0.7735629,7,True,17.204446921297738
547,35.5435,-115.5,0.77185094,3,True,7.8491706514514705
50,35.5915,-115.47587939698492,0.7717376,2,True,6.366186590091788
1187,35.4165,-115.45778894472362,0.7694766,1,True,20.818596812194553
800,35.4955,-115.43366834170854,0.7691288,1,True,16.814085494923557
318,35.5635,-115.46080402010051,0.7681353,2,True,9.895486774892984
1127,35.4255,-115.43266331658292,0.76686466,1,True,21.79158673538591
461,35.5525,-115.48894472361809,0.76595604,1,True,8.723322259066538
662,35.5285,-115.41155778894473,0.765569,1,True,16.207966609293663
876,35.4695,-115.5321608040201,0.76554555,5,True,11.755395921662052
540,35.545500000000004,-115.49396984924623,0.76520723,1,True,8.39896716973284
698,35.5195,-115.54723618090452,0.764869,1,True,5.96309970720536
410,35.5565,-115.50603015075377,0.76460356,2,True,6.775595797618833
1183,35.4175,-115.43467336683418,0.7623627,1,True,22.307288851311956
549,35.5445,-115.49497487437186,0.7619784,1,True,8.33055551667646
1261,35.4075,-115.53919597989949,0.76197463,1,True,18.27334834341429
594,35.5405,-115.44673366834171,0.76170784,1,True,12.886389759386791
960,35.451499999999996,-115.52613065326634,0.761398,5,True,13.862528377332694
1019,35.4345,-115.51507537688443,0.76092076,3,True,16.050518312359788
846,35.4795,-115.41155778894473,0.7575085,3,True,19.82738754786234
737,35.5105,-115.42562814070352,0.7574911,1,True,16.878270059697027
943,35.454499999999996,-115.41959798994975,0.75692505,1,True,20.660663018747723
297,35.5645,-115.51608040201005,0.75506693,1,True,5.526061860412922
528,35.5465,-115.52211055276382,0.7541163,1,True,5.483112903713181
202,35.5735,-115.40954773869348,0.75344837,1,True,12.926818303847288
718,35.5145,-115.5462311557789,0.7532284,2,True,6.5234145837408875
990,35.4425,-115.53015075376884,0.7522009,1,True,14.68814172720963
153,35.5775,-115.46884422110553,0.75178903,2,True,8.10364069898287
608,35.536500000000004,-115.5281407035176,0.75153255,5,True,5.574867948603482
850,35.4765,-115.52713567839196,0.7512744,2,True,11.220710213176567
190,35.5745,-115.43969849246231,0.75045925,1,True,10.312161297250539
568,35.542500000000004,-115.46381909547739,0.7499877,1,True,11.698505674982309
795,35.4965,-115.53015075376884,0.7498217,1,True,9.055902682704186
613,35.536500000000004,-115.5251256281407,0.74952257,5,True,5.828491967666593
1099,35.4275,-115.51306532663317,0.7488672,1,True,16.85663583748614
813,35.4905,-115.55427135678391,0.7488373,1,True,8.91301901604642
641,35.5305,-115.53015075376884,0.74783957,2,True,5.888301231985392
95,35.5845,-115.48592964824121,0.747518,1,True,6.631432573756636
1030,35.4345,-115.46683417085427,0.74484545,2,True,18.609321097623646
80,35.5875,-115.45477386934674,0.7446555,1,True,8.11447947409589
596,35.539500000000004,-115.55427135678391,0.7443936,1,True,3.609947088309811
16,35.5955,-115.46582914572865,0.74396473,1,True,6.6376823224899
198,35.5735,-115.5070351758794,0.74365723,1,True,6.507861974373024
1025,35.4345,-115.52010050251256,0.74332446,2,True,15.86438775526563
1042,35.4335,-115.50100502512562,0.74320304,1,True,16.760483504275523
449,35.5535,-115.49195979899497,0.74314016,1,True,8.372402341235286
11,35.597500000000004,-115.48391959798995,0.74311686,1,True,5.365344208138382
71,35.5885,-115.48492462311557,0.7424844,1,True,6.247374091229696
1231,35.4115,-115.49195979899497,0.7417027,4,True,19.397782630072335
185,35.5745,-115.51306532663317,0.74169636,1,True,5.848278871396964
863,35.4745,-115.54120603015075,0.7413688,1,True,10.939761451057665
629,35.5345,-115.54723618090452,0.7413484,1,True,4.434463678740904
409,35.5565,-115.51206030150753,0.7405576,1,True,6.124613213058988
436,35.5545,-115.50804020100503,0.7404429,1,True,6.612449230262536
615,35.536500000000004,-115.51105527638191,0.73931307,1,True,7.101410883905531
794,35.4955,-115.53316582914573,0.7390632,4,True,9.017431432178734
264,35.5675,-115.49597989949748,0.73847747,1,True,7.728374809439352
57,35.5905,-115.51206030150753,0.7382061,1,True,5.716283338852205
418,35.5565,-115.41457286432161,0.73793495,1,True,13.700277611897187
762,35.5045,-115.53015075376884,0.7369482,1,True,8.26489088848752
736,35.5105,-115.53618090452261,0.7363391,1,True,7.365735563705245
289,35.5655,-115.43869346733669,0.73601836,1,True,11.125760087347855
39,35.5925,-115.47085427135679,0.73586726,1,True,6.567007920676339
81,35.5865,-115.49597989949748,0.7354575,2,True,6.16023984074808
931,35.4565,-115.42562814070352,0.73405707,3,True,19.999469548167287
653,35.5295,-115.543216080402,0.7333291,1,True,5.13427586466954
440,35.5545,-115.43467336683418,0.7326863,4,True,12.350292240655623
425,35.5555,-115.44874371859297,0.7321845,6,True,11.346548335890931
266,35.5675,-115.44070351758795,0.7314781,1,True,10.811950706524899
784,35.4995,-115.43467336683418,0.7314313,1,True,16.5019189761633
1161,35.4205,-115.48090452261307,0.73122686,2,True,19.070303903495873
381,35.5585,-115.41959798994975,0.72997534,5,True,13.144564033056458
403,35.5575,-115.4316582914573,0.7298292,1,True,12.308233373706472
114,35.5825,-115.46381909547739,0.72961134,1,True,7.924053268861951
1031,35.4345,-115.46381909547739,0.7293505,2,True,18.808347057293396
477,35.5515,-115.47889447236182,0.7291274,3,True,9.836606615658102
1041,35.4335,-115.51608040201005,0.7289555,1,True,16.11622169384326
823,35.4855,-115.5321608040201,0.7283151,11,True,10.08559236113656
360,35.5605,-115.48793969849247,0.72734386,2,True,8.680144078332823
442,35.5545,-115.41356783919599,0.7271216,1,True,13.934202592810047
1076,35.4295,-115.50804020100503,0.72677404,3,True,16.85182437669016
979,35.4445,-115.53015075376884,0.7266055,1,True,14.47435944691893
652,35.5305,-115.41256281407036,0.7252491,1,True,15.965670101579118
469,35.5525,-115.44472361809045,0.72516155,2,True,11.869894093257122
563,35.5435,-115.47587939698492,0.72486144,1,True,10.380049466386483
678,35.5235,-115.4497487437186,0.723658,1,True,13.852558555764368
582,35.5415,-115.4748743718593,0.72337353,1,True,10.551502099551954
857,35.4765,-115.44773869346734,0.7214584,1,True,16.69585765016016
423,35.5555,-115.51105527638191,0.72099155,4,True,6.26045402044086
1229,35.4115,-115.51608040201005,0.72015643,1,True,18.430840775318007
656,35.5285,-115.54422110552764,0.7177435,1,True,5.179786684757005
729,35.5125,-115.4105527638191,0.71678746,1,True,17.682414626517158
693,35.5205,-115.43768844221105,0.7164857,1,True,15.220113934363507
1283,35.4045,-115.51507537688443,0.71510494,1,True,19.206190879385787
973,35.4455,-115.54020100502512,0.71488106,2,True,14.103260332370462
926,35.457499999999996,-115.41356783919599,0.71450555,1,True,20.989823216028153
125,35.5805,-115.49396984924623,0.71374947,1,True,6.852967021378477
231,35.5695,-115.543216080402,0.7137141,1,True,2.4807959719667902
750,35.5085,-115.42562814070352,0.7131272,2,True,16.966369152180697
189,35.5745,-115.46683417085427,0.71283305,1,True,8.503089949447244
1252,35.4085,-115.54924623115578,0.71234906,1,True,18.017727424210648
882,35.4705,-115.45175879396986,0.70888674,1,True,16.779354383573114
234,35.5695,-115.49597989949748,0.70856583,1,True,7.723590563667711
836,35.4835,-115.5643216080402,0.7082858,2,True,9.602483945107984
492,35.5505,-115.41859296482413,0.7065639,1,True,13.856971232949983
1262,35.4075,-115.51909547738693,0.7058581,4,True,18.760379850566306
1197,35.4155,-115.456783919598,0.70580035,1,True,20.97356254694932
1007,35.4385,-115.41155778894473,0.7055699,1,True,22.478234783299555
339,35.5615,-115.5251256281407,0.7045355,1,True,4.586313183501146
474,35.5515,-115.4105527638191,0.7029523,2,True,14.406243098187739
599,35.539500000000004,-115.43266331658292,0.7021645,1,True,13.817060402888139
118,35.5815,-115.48994974874373,0.7018196,2,True,6.832613674415
478,35.5515,-115.4718592964824,0.70133466,1,True,10.60155871260715
5,35.5995,-115.48391959798995,0.7008843,1,True,5.164603345060394
766,35.5035,-115.53718592964825,0.7005634,1,True,8.025336745311582
273,35.5665,-115.45577889447236,0.69821894,1,True,9.897199206017298
1012,35.4375,-115.44773869346734,0.6979095,2,True,19.681182806793277
879,35.4715,-115.4105527638191,0.6970929,1,True,20.38580600713389
805,35.4935,-115.55326633165829,0.6957112,2,True,8.600447530788948
274,35.5665,-115.45276381909548,0.6956341,1,True,10.082752399075499
890,35.466499999999996,-115.44673366834171,0.6954821,2,True,17.491552823063934
1029,35.4345,-115.49899497487438,0.69512755,1,True,16.75738018947673
881,35.4705,-115.52613065326634,0.6950927,1,True,11.880072012085565
815,35.4895,-115.56532663316582,0.69496155,1,True,8.93553754693238
746,35.5085,-115.5462311557789,0.6943572,1,True,7.155716584058088
1250,35.4095,-115.43065326633166,0.69391024,1,True,23.272990914749766
822,35.4885,-115.4105527638191,0.6935962,1,True,19.439105600836925
1100,35.4275,-115.50904522613065,0.6934903,1,True,17.01603921154008
901,35.4645,-115.54020100502512,0.6934775,1,True,12.044051726998667
502,35.5495,-115.4105527638191,0.6926609,1,True,14.560881256437451
1206,35.4135,-115.55326633165829,0.69253033,1,True,17.425014712471633
856,35.4765,-115.53015075376884,0.6924235,1,True,11.09781570393927
509,35.548500000000004,-115.47788944723618,0.6920308,1,True,10.0197873481331
871,35.4735,-115.42060301507539,0.6919668,1,True,19.329552072197885
1241,35.4105,-115.49497487437186,0.6918512,2,True,19.360675226252653
232,35.5695,-115.5281407035176,0.6910152,1,True,4.153912690990181
444,35.5535,-115.54120603015075,0.6897577,3,True,3.2652982415155605
486,35.5505,-115.4929648241206,0.6890328,1,True,8.343708054612199
1268,35.405499999999996,-115.48492462311557,0.6886998,2,True,20.33522241971414
346,35.5615,-115.47788944723618,0.68807364,2,True,9.335277884431665
169,35.5765,-115.40653266331658,0.6869242,1,True,13.01295073585815
66,35.5895,-115.44371859296483,0.6868494,1,True,8.843116294786052
1226,35.4125,-115.46984924623116,0.6868461,2,True,20.45739286727955
1039,35.4335,-115.52713567839196,0.68636703,1,True,15.740363010047805
1056,35.4325,-115.47587939698492,0.68613386,1,True,18.22188000522012
1230,35.4115,-115.50100502512562,0.6860099,1,True,18.996765443019832
947,35.4535,-115.53015075376884,0.6852849,1,True,13.51561849855972
1052,35.4305,-115.51105527638191,0.68462646,4,True,16.624455917173606
767,35.5035,-115.53115577889447,0.68438756,1,True,8.310854300042063
402,35.5575,-115.4497487437186,0.6843841,1,True,11.09955889679734
687,35.5215,-115.4316582914573,0.6837871,1,True,15.552506243741174
808,35.4925,-115.42462311557789,0.6836268,1,True,17.853222674569103
1066,35.4315,-115.51909547738693,0.68308055,1,True,16.215577329763203
1147,35.4225,-115.50100502512562,0.68290627,1,True,17.871894451822993
428,35.5555,-115.42462311557789,0.6827581,1,True,12.994492198962904
869,35.4735,-115.44371859296483,0.6825019,1,True,17.252406333844146
761,35.5055,-115.41356783919599,0.68180263,1,True,18.129002965344707
968,35.4475,-115.52713567839196,0.6813187,5,True,14.250722146196471
213,35.5715,-115.53115577889447,0.6812141,1,True,3.8224964612843415
824,35.4875,-115.45075376884422,0.68092704,1,True,15.69255829668827
593,35.5405,-115.45879396984925,0.6802644,1,True,12.279317599566706
1194,35.4155,-115.52914572864321,0.6799917,1,True,17.61939232440233
946,35.4535,-115.5321608040201,0.6796621,1,True,13.452428973052607
1027,35.4335,-115.50603015075377,0.6795769,2,True,16.52970503102531
1186,35.4165,-115.49195979899497,0.6788662,1,True,18.8958516866408
358,35.5605,-115.49698492462312,0.67719,1,True,7.684528447110502
337,35.5615,-115.53618090452261,0.67543715,1,True,3.394824353988284
323,35.5625,-115.51909547738693,0.67518234,2,True,5.22431834190152
1224,35.4125,-115.48391959798995,0.6749418,1,True,19.69160186390399
122,35.5815,-115.4427135678392,0.67376107,1,True,9.525135757648346
942,35.454499999999996,-115.42763819095478,0.6724387,2,True,19.968488268529697
1176,35.4185,-115.48894472361809,0.6702909,1,True,18.844567313566035
325,35.5625,-115.47688442211056,0.6688569,1,True,9.265764383980285
961,35.4505,-115.56532663316582,0.6687792,1,True,13.264525293151028
1205,35.4145,-115.4929648241206,0.66854644,1,True,19.048812669051415
73,35.5875,-115.52613065326634,0.6681594,2,True,4.788364753476949
643,35.5315,-115.43467336683418,0.6677381,2,True,14.432388061910967
1211,35.4125,-115.49497487437186,0.667584,3,True,19.15787647983
230,35.5695,-115.54522613065326,0.6662569,1,True,2.2577417534348196
345,35.5615,-115.48894472361809,0.66600806,1,True,8.556473411138846
1048,35.4325,-115.53718592964825,0.6655679,1,True,15.584075008663863
733,35.5115,-115.45075376884422,0.6650482,1,True,14.302521522268606
630,35.533500000000004,-115.54020100502512,0.6646537,4,True,4.933358288490561
284,35.5655,-115.47688442211056,0.6644342,2,True,8.95171807417086
998,35.4405,-115.42361809045227,0.66353995,1,True,21.327533092412004
1084,35.4295,-115.52713567839196,0.66327196,1,True,16.16820013755699
712,35.5165,-115.53115577889447,0.66303563,1,True,7.060420610454512
725,35.5135,-115.41356783919599,0.66257274,1,True,17.39714003730119
224,35.5705,-115.46984924623116,0.66222596,1,True,8.74247883462896
1093,35.4285,-115.50603015075377,0.66156113,2,True,17.03987495296582
532,35.5465,-115.47386934673366,0.6611342,1,True,10.506621077665518
842,35.4805,-115.4497487437186,0.660471,1,True,16.246433040544034
544,35.5445,-115.55427135678391,0.6600187,1,True,3.0954544061251785
754,35.5075,-115.4427135678392,0.65961385,1,True,15.299285830320033
872,35.4725,-115.56633165829146,0.65753406,1,True,10.822838946864943
1071,35.4315,-115.4286432160804,0.65735227,1,True,21.617504548684835
1234,35.4105,-115.4316582914573,0.6572773,2,True,23.116244377961664
552,35.5435,-115.47386934673366,0.6571697,3,True,10.594207684845776
1285,35.4045,-115.47989949748744,0.6558956,1,True,20.685341167145143
395,35.5575,-115.54422110552764,0.65536636,1,True,2.745087266297312
539,35.545500000000004,-115.52110552763818,0.6544024,1,True,5.63422060642597
512,35.548500000000004,-115.45979899497488,0.65380317,1,True,11.426714479730338
1112,35.4265,-115.50402010050252,0.6537681,1,True,17.331436787664952
1181,35.4175,-115.46582914572865,0.653665,1,True,20.225921978283814
917,35.4595,-115.55226130653266,0.65344787,1,True,12.35400840860387
1120,35.4255,-115.51206030150753,0.6531571,1,True,17.103536038187517
426,35.5555,-115.44472361809045,0.6529646,1,True,11.59456737636813
592,35.5405,-115.46180904522613,0.65296054,1,True,11.972836142943462
199,35.5735,-115.48894472361809,0.65276283,1,True,7.722968996253669
751,35.5075,-115.4105527638191,0.6526825,2,True,18.134396844783012
1095,35.4285,-115.41155778894473,0.65243465,1,True,23.214378496378743
691,35.5205,-115.45075376884422,0.65203476,1,True,13.877539763767775
1257,35.4085,-115.41457286432161,0.65187186,1,True,24.540632793276814
1047,35.4335,-115.4286432160804,0.6509585,1,True,21.460194614970327
139,35.5795,-115.48492462311557,0.6508113,1,True,7.194270112788935
782,35.4995,-115.5683417085427,0.6504511,2,True,7.831589171150299
14,35.5955,-115.50904522613065,0.6501704,1,True,5.122454489341366
511,35.548500000000004,-115.46482412060301,0.6501221,2,True,11.197611739150254
290,35.5655,-115.43266331658292,0.6497945,1,True,11.574111037011356
696,35.5195,-115.5572864321608,0.6497344,2,True,5.680231193828064
915,35.460499999999996,-115.53316582914573,0.64877653,1,True,12.6752242439357
1247,35.4095,-115.53015075376884,0.6482579,4,True,18.243911077359478
476,35.5515,-115.49095477386935,0.6478215,2,True,8.531987230825402
364,35.5605,-115.4286432160804,0.647799,1,True,12.284188603998517
7,35.5995,-115.4718592964824,0.6476091,2,True,5.8722605414834845
866,35.4745,-115.43065326633166,0.64696157,2,True,18.346952502201344
1088,35.4295,-115.5,0.646806,1,True,17.20978436575015
488,35.5505,-115.46180904522613,0.64647335,1,True,11.130728104820093
1006,35.4385,-115.47889447236182,0.64612937,1,True,17.481412406073368
801,35.4945,-115.56331658291457,0.646089,2,True,8.384198880037241
137,35.5795,-115.49497487437186,0.643511,1,True,6.9451968529006605
635,35.5325,-115.53417085427135,0.6433229,2,True,5.428261441164212
963,35.4505,-115.44472361809045,0.643066,1,True,18.864018500278764
803,35.4945,-115.43467336683418,0.6426726,1,True,16.772228829104684
84,35.5865,-115.45276381909548,0.6426526,1,True,8.347545048758754
964,35.4495,-115.54723618090452,0.6423347,1,True,13.529261920669311
895,35.466499999999996,-115.4316582914573,0.6421764,1,True,18.785554720094083
38,35.5925,-115.48090452261307,0.64180297,1,True,6.009924344216963
981,35.4445,-115.51507537688443,0.64165914,1,True,15.015369728894555
1032,35.4345,-115.46080402010051,0.6405938,1,True,19.011181416883833
193,35.5735,-115.543216080402,0.640436,2,True,2.510418422201135
1304,35.4005,-115.49195979899497,0.64010483,1,True,20.51165861073938
17,35.5955,-115.46381909547739,0.63922966,1,True,6.782897114638
1134,35.4245,-115.4718592964824,0.63601863,1,True,19.209758851605855
642,35.5315,-115.4497487437186,0.6350583,1,True,13.546774469993869
37,35.5925,-115.48291457286432,0.6346735,1,True,5.917482024340959
1139,35.4245,-115.42663316582914,0.633841,1,True,22.33029661309887
416,35.5565,-115.42060301507539,0.6322346,1,True,13.222403244795151
1003,35.4395,-115.52713567839196,0.63179845,1,True,15.100357137766004
166,35.5765,-115.45577889447236,0.631615,2,True,8.985113150293678
720,35.5145,-115.4105527638191,0.63099706,1,True,17.50328129991867
286,35.5655,-115.4718592964824,0.6291953,1,True,9.155497517178613
279,35.5655,-115.54020100502512,0.6287202,1,True,2.8588235347117106
31,35.5915,-115.53819095477387,0.6286507,2,True,3.863237973181518
315,35.5635,-115.48391959798995,0.6284295,1,True,8.933211370599802
1060,35.4325,-115.42160804020101,0.62825066,1,True,22.09664505145511
724,35.5125,-115.42964824120604,0.6276809,3,True,16.38077819808683
757,35.5065,-115.42160804020101,0.6274966,1,True,17.4642253916394
1160,35.4205,-115.51005025125627,0.6270233,1,True,17.70148367666148
259,35.5675,-115.51507537688443,0.6262983,1,True,5.610659862743006
82,35.5865,-115.45879396984925,0.6259677,1,True,7.905114371786775
670,35.5265,-115.41356783919599,0.6251763,2,True,16.241110815996336
1286,35.4045,-115.45778894472362,0.62366575,2,True,21.92210667861826
1004,35.4395,-115.41256281407036,0.62330794,1,True,22.321321413983572
858,35.4755,-115.55427135678391,0.6232552,1,True,10.564076768956552
336,35.5615,-115.54522613065326,0.6222381,2,True,2.4463257806764975
283,35.5655,-115.4819095477387,0.62200373,1,True,8.778703502541417
818,35.4895,-115.52613065326634,0.6218461,1,True,9.949788490834488
233,35.5695,-115.5,0.62152135,1,True,7.277371635117174
566,35.542500000000004,-115.54824120603014,0.62035155,1,True,3.607398603610592
1258,35.4085,-115.41256281407036,0.6200252,1,True,24.69354331938581
874,35.4725,-115.43065326633166,0.61948067,1,True,18.476108143167977
65,35.5895,-115.48693467336683,0.61944664,1,True,6.069202071552542
1239,35.4105,-115.50502512562814,0.6193387,1,True,18.936717445969986
877,35.4715,-115.52713567839196,0.6191462,1,True,11.73594894706393
215,35.5715,-115.49396984924623,0.61913306,3,True,7.839975791805846
1155,35.4215,-115.47286432160804,0.6191082,1,True,19.431259008694077
745,35.5085,-115.54924623115578,0.6186342,1,True,7.062591700865984
450,35.5535,-115.48391959798995,0.6179713,1,True,9.245310701458969
997,35.4405,-115.53015075376884,0.6179282,1,True,14.902164319272703
1303,35.4005,-115.50904522613065,0.61718184,1,True,19.83274298851958
120,35.5815,-115.456783919598,0.6169732,1,True,8.476979751785535
446,35.5535,-115.51105527638191,0.6166242,1,True,6.321169713119166
1289,35.4035,-115.53517587939699,0.6165371,1,True,18.786711399117937
1018,35.4355,-115.5180904522613,0.61644113,1,True,15.83204325746294
155,35.5785,-115.40954773869348,0.6164058,2,True,12.6113413069621
301,35.5645,-115.45778894472362,0.6160442,1,True,9.967326810200172
548,35.5445,-115.49698492462312,0.6149911,1,True,8.121067507073839
570,35.542500000000004,-115.41256281407036,0.61470175,1,True,14.96282824978142
1238,35.4105,-115.50804020100503,0.6138738,1,True,18.820565475638706
792,35.4975,-115.53115577889447,0.61270565,1,True,8.907637913416089
174,35.5755,-115.543216080402,0.6124203,1,True,2.554208028827395
1138,35.4245,-115.44472361809045,0.6122655,1,True,20.99387729741334
1010,35.4375,-115.53417085427135,0.61206836,1,True,15.114568213271253
510,35.548500000000004,-115.46683417085427,0.61198753,1,True,11.11248948563654
387,35.5585,-115.4819095477387,0.61182463,1,True,9.372534076905232
1299,35.4015,-115.48492462311557,0.61134875,1,True,20.734821987642807
780,35.5005,-115.53015075376884,0.6106552,1,True,8.658046049692752
48,35.5915,-115.48994974874373,0.60985184,1,True,5.758351832234276
1182,35.4175,-115.46281407035175,0.60943675,1,True,20.4110185445617
1124,35.4255,-115.46582914572865,0.6093328,2,True,19.488797394185564
623,35.5355,-115.46180904522613,0.60924274,1,True,12.136371999315747
1085,35.4285,-115.51909547738693,0.6084224,2,True,16.531623880839135
900,35.4645,-115.54824120603014,0.6080454,1,True,11.867239724777292
739,35.5095,-115.54824120603014,0.60748595,1,True,6.985235048681648
184,35.5745,-115.52010050251256,0.60748523,1,True,5.0706665093871806
734,35.5105,-115.54723618090452,0.607125,1,True,6.9105967989800305
601,35.5385,-115.5502512562814,0.60641897,1,True,3.8875484127527034
438,35.5545,-115.49798994974874,0.60617894,1,True,7.695079856265077
1203,35.4145,-115.53417085427135,0.6059846,1,True,17.608647769594416
490,35.5505,-115.4316582914573,0.60484344,2,True,12.906078391270437
1255,35.4085,-115.52713567839196,0.60484105,1,True,18.426895497834206
747,35.5085,-115.5321608040201,0.60455734,1,True,7.768220856478198
677,35.5235,-115.53417085427135,0.60376674,1,True,6.227415055513072
1002,35.4395,-115.54723618090452,0.6037386,1,True,14.627598508233204
1151,35.4225,-115.42160804020101,0.60362476,1,True,22.877424954089328
77,35.5875,-115.49497487437186,0.6034322,2,True,6.068241613972494
839,35.4815,-115.53015075376884,0.6028225,2,True,10.580614509498547
252,35.5685,-115.46381909547739,0.602661,1,True,9.247804038136099
648,35.5295,-115.53517587939699,0.60206056,3,True,5.619982490520107
505,35.548500000000004,-115.52110552763818,0.6017892,1,True,5.481253856726146
391,35.5585,-115.43467336683418,0.60043937,1,True,12.006759800611825
1067,35.4315,-115.51608040201005,0.60019284,1,True,16.32510801450062
1180,35.4175,-115.53417085427135,0.60000384,1,True,17.282357254542614
1082,35.4285,-115.53517587939699,0.5989221,2,True,16.06452069604796
1083,35.4295,-115.52914572864321,0.5982874,1,True,16.11078073468889
138,35.5795,-115.48793969849247,0.5979306,2,True,7.102087409412666
854,35.4765,-115.5462311557789,0.59772635,1,True,10.597945075879458
817,35.4895,-115.53015075376884,0.59770024,1,True,9.761731987644671
1121,35.4255,-115.50201005025126,0.59756005,1,True,17.522131804067598
1053,35.4325,-115.5070351758794,0.597492,2,True,16.587502569027677
1074,35.4305,-115.5180904522613,0.59699756,2,True,16.356447160253428
59,35.5905,-115.48592964824121,0.5963267,1,True,6.00067943655382
508,35.548500000000004,-115.48391959798995,0.59512544,1,True,9.37105970349722
375,35.5595,-115.49899497487438,0.5941019,1,True,7.480076257276119
424,35.5555,-115.4929648241206,0.59366477,1,True,8.217231535048741
909,35.4615,-115.5321608040201,0.59339625,1,True,12.601192216414194
758,35.5055,-115.5683417085427,0.59260964,1,True,7.166155101983064
494,35.5495,-115.47989949748744,0.59254885,1,True,9.776807720374912
521,35.5475,-115.49095477386935,0.59219384,1,True,8.649592482132714
672,35.5255,-115.5251256281407,0.5920402,1,True,6.674034508238334
1068,35.4315,-115.50603015075377,0.59200424,1,True,16.733430563178356
260,35.5675,-115.51306532663317,0.5906309,1,True,5.833512814559336
631,35.5345,-115.52110552763818,0.5899181,1,True,6.3147685501431035
534,35.5465,-115.44773869346734,0.5896623,1,True,12.254623434217999
489,35.5505,-115.4356783919598,0.5889237,1,True,12.632605881079751
1133,35.4245,-115.5180904522613,0.5888972,1,True,16.98829814037189
107,35.5825,-115.5281407035176,0.588776,1,True,4.379162778930482
187,35.5745,-115.4819095477387,0.58876437,1,True,7.825145606666507
1253,35.4085,-115.54120603015075,0.5882189,1,True,18.129180417383992
261,35.5675,-115.51105527638191,0.58782333,1,True,6.056385105164189
468,35.5525,-115.45175879396986,0.5869075,1,True,11.45419246802831
519,35.5475,-115.54924623115578,0.5868562,1,True,3.084899598550658
1092,35.4285,-115.51005025125627,0.58658534,1,True,16.871847449378585
1270,35.405499999999996,-115.54824120603014,0.5856113,1,True,18.360416898462567
433,35.5545,-115.53517587939699,0.5851368,1,True,3.7861330132144304
1044,35.4335,-115.47889447236182,0.5850377,1,True,17.94742097659719
816,35.4895,-115.54221105527638,0.5849952,1,True,9.303775550281106
825,35.4865,-115.52914572864321,0.58486414,1,True,10.111514618553153
1269,35.4065,-115.44170854271357,0.5845173,1,True,22.767567542629195
20,35.594500000000004,-115.50402010050252,0.58442324,1,True,5.2048165957345995
980,35.4445,-115.52713567839196,0.584164,1,True,14.568799047556908
342,35.5615,-115.50100502512562,0.58404285,1,True,7.227450954319782
838,35.4825,-115.47788944723618,0.58341676,1,True,13.7489422321067
798,35.4955,-115.47688442211056,0.5834057,1,True,12.85570167563528
897,35.4655,-115.5643216080402,0.5824287,1,True,11.60031447487777
722,35.5135,-115.4497487437186,0.5820174,1,True,14.303286634227751
939,35.454499999999996,-115.5251256281407,0.58102965,1,True,13.583419916102473
128,35.5805,-115.48090452261307,0.579299,1,True,7.235356465524861
1223,35.4125,-115.49698492462312,0.57917076,1,True,19.06771652438869
772,35.5025,-115.5321608040201,0.5788208,1,True,8.359528053366624
208,35.5725,-115.47587939698492,0.5783873,1,True,8.26647512062262
79,35.5875,-115.45979899497488,0.57826215,1,True,7.748498240387572
220,35.5705,-115.52613065326634,0.5781792,1,True,4.377009368546192
1177,35.4185,-115.42763819095478,0.5781144,1,True,22.741371456673203
806,35.4925,-115.53718592964825,0.57805675,1,True,9.16092210837168
951,35.4525,-115.53919597989949,0.5779928,1,True,13.366774468051569
1242,35.4105,-115.45577889447236,0.57743764,1,True,21.492805095507627
1204,35.4145,-115.52713567839196,0.5773002,1,True,17.77964948158712
378,35.5595,-115.45175879396986,0.57705915,1,True,10.792092588309313
771,35.5025,-115.53819095477387,0.57544124,1,True,8.08497258111827
1043,35.4335,-115.49597989949748,0.5750202,1,True,17.006431818437704
907,35.4625,-115.52412060301508,0.57466114,1,True,12.788372394582176
47,35.5915,-115.49597989949748,0.57451075,1,True,5.611914378849409
522,35.5475,-115.46180904522613,0.57439333,1,True,11.433421678720343
42,35.5925,-115.43768844221105,0.57408965,1,True,9.160042304624026
925,35.457499999999996,-115.5462311557789,0.5740621,1,True,12.670470939604899
902,35.4645,-115.41356783919599,0.57294047,1,True,20.537059980437824
1148,35.4225,-115.47386934673366,0.5728821,1,True,19.27805930247257
756,35.5065,-115.45075376884422,0.5720213,1,True,14.562895724921944
1129,35.4245,-115.54924623115578,0.57131344,1,True,16.251699896722553
68,35.5885,-115.52211055276382,0.5706998,1,True,5.241861989300008
1136,35.4245,-115.45276381909548,0.5705696,1,True,20.43522614126652
1122,35.4255,-115.48090452261307,0.5699686,1,True,18.58936849308444
740,35.5085,-115.54422110552764,0.5695621,2,True,7.2257491030058825
310,35.5635,-115.543216080402,0.56955874,1,True,2.5829887058458154
886,35.4695,-115.53015075376884,0.569469,1,True,11.827655363537326
581,35.5415,-115.49497487437186,0.56917423,1,True,8.449506329746654
258,35.5675,-115.51708542713568,0.56824064,1,True,5.387828649405692
862,35.4745,-115.55125628140703,0.5672603,1,True,10.718742093660003
127,35.5805,-115.48391959798995,0.56704265,1,True,7.122767926291546
958,35.4525,-115.41256281407036,0.56696576,1,True,21.413044754690254
1054,35.4325,-115.50402010050252,0.5664201,1,True,16.721408287725794
969,35.4475,-115.45477386934674,0.56418866,1,True,18.33342908778017
1202,35.4145,-115.53618090452261,0.5626226,1,True,17.565861789119428
1098,35.4275,-115.51507537688443,0.5624232,1,True,16.7808165503169
1274,35.405499999999996,-115.51608040201005,0.5619056,1,True,19.06761625597511
684,35.5225,-115.4105527638191,0.56166697,1,True,16.79698821884668
1233,35.4115,-115.4678391959799,0.56136864,2,True,20.668547405123448
152,35.5785,-115.47085427135679,0.5608583,1,True,7.8998083742727765
1026,35.4345,-115.51708542713568,0.56042886,1,True,15.973989218581508
270,35.5665,-115.53417085427135,0.5601083,1,True,3.5057878249587597
324,35.5625,-115.4929648241206,0.5598274,1,True,8.100954270985621
1017,35.4355,-115.5281407035176,0.55925775,1,True,15.496511886369083
1123,35.4255,-115.47788944723618,0.559115,1,True,18.76076534957497
503,35.548500000000004,-115.52713567839196,0.55902714,1,True,4.887377383432302
962,35.4505,-115.55326633165829,0.55836517,1,True,13.334507329851172
840,35.4815,-115.44874371859297,0.55820864,1,True,16.26757681609034
913,35.460499999999996,-115.42562814070352,0.556951,2,True,19.722790122294473
1102,35.4275,-115.47688442211056,0.5567857,1,True,18.630022586484564
906,35.4625,-115.52713567839196,0.5566101,1,True,12.671844052390014
462,35.5525,-115.48090452261307,0.5565313,1,True,9.595434694253148
1209,35.4135,-115.5321608040201,0.55614626,1,True,17.762690260065447
401,35.5575,-115.45175879396986,0.5559166,1,True,10.979727373420797
583,35.5415,-115.4356783919598,0.55549407,1,True,13.443888379731955
1126,35.4255,-115.44572864321609,0.5549146,1,True,20.83721732694044
249,35.5685,-115.47286432160804,0.5546861,1,True,8.805454186152843
209,35.5725,-115.44070351758795,0.554299,1,True,10.397226369582041
437,35.5545,-115.50603015075377,0.5542033,1,True,6.8281268597405935
636,35.533500000000004,-115.43065326633166,0.5536614,1,True,14.491755574350867
776,35.5015,-115.43266331658292,0.55273813,2,True,16.59580984603779
1232,35.4115,-115.48291457286432,0.55270493,1,True,19.841546244040188
1174,35.4185,-115.53819095477387,0.5519774,1,True,17.088706728053616
605,35.5385,-115.45276381909548,0.5516471,1,True,12.766904972665136
930,35.4565,-115.42763819095478,0.55014974,1,True,19.826686705811465
389,35.5585,-115.45477386934674,0.54991645,1,True,10.71062566592251
564,35.5435,-115.46080402010051,0.5492593,1,True,11.884290728187109
1094,35.4285,-115.47788944723618,0.54923993,1,True,18.47687469519162
1051,35.4325,-115.51306532663317,0.5491343,2,True,16.336975600080873
244,35.5685,-115.50301507537688,0.54835165,1,True,6.944482911038199
265,35.5675,-115.46281407035175,0.5479019,1,True,9.399049135701276
735,35.5105,-115.54020100502512,0.54763037,1,True,7.179330888224987
967,35.4475,-115.55326633165829,0.5468202,1,True,13.66580153997032
827,35.4865,-115.4497487437186,0.5467463,1,True,15.84794587764863
1075,35.4305,-115.51507537688443,0.54557556,2,True,16.467308161791024
514,35.548500000000004,-115.44371859296483,0.54543597,1,True,12.301947625603987
471,35.5525,-115.4286432160804,0.54534495,1,True,12.947438538127845
506,35.548500000000004,-115.5180904522613,0.54527193,1,True,5.78437599972258
272,35.5665,-115.48994974874373,0.54434186,1,True,8.401724914025637
1113,35.4265,-115.5,0.5418827,1,True,17.512114946962257
1107,35.4275,-115.42462311557789,0.5401323,1,True,22.246974173305937
1153,35.4215,-115.47889447236182,0.53995955,1,True,19.085275468570053
1109,35.4265,-115.5281407035176,0.53954655,1,True,16.461136736093902
919,35.4595,-115.53015075376884,0.5393827,1,True,12.879857972765413
150,35.5785,-115.49597989949748,0.538808,1,True,7.039736780274113
985,35.4435,-115.45979899497488,0.5385313,1,True,18.302429202325758
940,35.454499999999996,-115.46180904522613,0.53748536,1,True,17.23344641404576
732,35.5115,-115.52713567839196,0.5374606,1,True,7.76895216152673
666,35.5275,-115.50904522613065,0.53741723,1,True,7.849018438548362
920,35.4595,-115.52713567839196,0.53655076,1,True,12.985898724697208
531,35.5465,-115.49698492462312,0.5361427,2,True,8.04638300445915
1170,35.4195,-115.4678391959799,0.5360256,3,True,19.91811587067975
1097,35.4275,-115.5180904522613,0.5351247,1,True,16.672040358221388
504,35.548500000000004,-115.52412060301508,0.5350005,1,True,5.1820164513927285
1291,35.4035,-115.51608040201005,0.53489465,1,True,19.280313578495225
481,35.5515,-115.44673366834171,0.53472775,1,True,11.840710994312731
704,35.5185,-115.41758793969849,0.5346263,1,True,16.68637022491856
1199,35.4145,-115.5502512562814,0.53198963,2,True,17.343943630602258
497,35.5495,-115.46582914572865,0.53076154,1,True,11.052051669002163
1228,35.4115,-115.52010050251256,0.53010464,2,True,18.30282494177975
1104,35.4275,-115.43266331658292,0.5295475,1,True,21.628707738693926
1213,35.4135,-115.4819095477387,0.52951574,1,True,19.697308319228668
743,35.5095,-115.53316582914573,0.5289186,1,True,7.6175704548130385
1078,35.4305,-115.47989949748744,0.5277529,1,True,18.170795502706454
954,35.4525,-115.53316582914573,0.5273514,1,True,13.529088869323143
415,35.5565,-115.43467336683418,0.52723366,2,True,12.177713893403523
721,35.5135,-115.5502512562814,0.527221,1,True,6.497632850622973
910,35.4615,-115.53015075376884,0.52719814,1,True,12.66862831559132
809,35.4915,-115.54221105527638,0.5270633,1,True,9.090773426392484
828,35.4865,-115.44673366834171,0.52697253,1,True,16.12060421206437
83,35.5865,-115.45577889447236,0.5264757,1,True,8.122448185343105
421,35.5555,-115.51708542713568,0.526295,1,True,5.616242654600694
777,35.5015,-115.43065326633166,0.5229774,1,True,16.794441881706863
1059,35.4325,-115.42462311557789,0.5214025,1,True,21.855856420368358
219,35.5705,-115.5321608040201,0.52065074,1,True,3.7077261596589577
614,35.536500000000004,-115.51407035175879,0.5205711,1,True,6.818539344041635
647,35.5305,-115.54020100502512,0.5203238,1,True,5.210298648121659
420,35.5555,-115.53618090452261,0.5189707,1,True,3.6366372371232942
25,35.594500000000004,-115.46080402010051,0.5171744,1,True,7.089486069671933
1144,35.4235,-115.43266331658292,0.5171701,1,True,21.955502145153865
933,35.4555,-115.55427135678391,0.517163,1,True,12.771119683896085
658,35.5285,-115.53417085427135,0.51673186,1,True,5.775764734961774
1168,35.4195,-115.53417085427135,0.51635987,1,True,17.064974253529726
578,35.5415,-115.51306532663317,0.51623523,1,True,6.630278859718413
579,35.5415,-115.51105527638191,0.5159475,1,True,6.8271902377226565
102,35.5835,-115.50603015075377,0.515902,1,True,6.429106451572184
847,35.4785,-115.53115577889447,0.5154322,2,True,10.850725745153598
87,35.5855,-115.49798994974874,0.51424545,1,True,6.241601283097958
27,35.5935,-115.4748743718593,0.5139729,1,True,6.231526484003806
580,35.5415,-115.5070351758794,0.5135311,1,True,7.225584230876484
679,35.5235,-115.42663316582914,0.5127934,1,True,15.66241575021764
867,35.4745,-115.42763819095478,0.5127761,1,True,18.621114459945694
645,35.5315,-115.42562814070352,0.5126247,1,True,14.993070306661533
246,35.5685,-115.48592964824121,0.5125872,1,True,8.340276258031174
496,35.5495,-115.4678391959799,0.51024216,1,True,10.96806913558708
1305,35.4005,-115.48592964824121,0.5095496,1,True,20.787322675911486
1140,35.4235,-115.5643216080402,0.50946116,1,True,16.26208098356622
357,35.5605,-115.50301507537688,0.50913703,1,True,7.022114418157983
604,35.5385,-115.45477386934674,0.50852245,1,True,12.66875723011241
748,35.5085,-115.52713567839196,0.50778276,1,True,8.049358837080826
154,35.5785,-115.45075376884422,0.5074718,1,True,9.158977089653154
1293,35.402499999999996,-115.53316582914573,0.5064932,1,True,18.937013904891675
316,35.5635,-115.4819095477387,0.5064608,1,True,8.991945392713285
282,35.5655,-115.48391959798995,0.5063063,1,True,8.718533055039066
598,35.539500000000004,-115.52010050251256,0.50577945,1,True,6.076493137445154
269,35.5665,-115.53618090452261,0.50554407,1,True,3.284139521158109
253,35.5685,-115.46180904522613,0.5052815,1,True,9.35790079576771
625,35.5355,-115.42964824120604,0.5050922,1,True,14.372757594574063
1143,35.4235,-115.47788944723618,0.5043761,1,True,18.95091392260072
781,35.5005,-115.42160804020101,0.5037082,1,True,17.743486876315558
702,35.5185,-115.55326633165829,0.50363696,1,True,5.877116446850846
1302,35.4015,-115.4678391959799,0.50360554,1,True,21.62125162514483
1275,35.405499999999996,-115.50603015075377,0.5027359,1,True,19.418355656767787
439,35.5545,-115.47085427135679,0.5019765,1,True,10.329449040013415
177,35.5755,-115.45075376884422,0.5013397,1,True,9.415251269551534
955,35.4525,-115.45075376884422,0.50087816,1,True,18.23467537125223
414,35.5565,-115.4427135678392,0.5007698,1,True,11.63288746191718
728,35.5125,-115.54924623115578,0.5003789,1,True,6.634410714836241
